,GeoType,GeogName,GeoID,Borough,Population,MalePop,FemalePop,PopUnder18,PopOver65,MedianAge,PopHispanic,PopNotHisp,PopWhite,PopBlack,PopNative,PopAsian,PopPacific,PopOther1,PopOther2,HHUnder10,HHI10t14E,HHI15t24E,HHI25t34E,HHI35t49E,HHI50t74E,HHI75t99E,HI100t149E,HI150t199E,HHI200plE,MedianHHInc,MeanHHInc,PopOver25,EduBelow9,Edu9t12,EduHS,EduCollND,EduAssoc,EduBachelor,EduGradProf,EduLessHS,EduaboveBach
0,NTA2010,Bath Beach,BK27,Brooklyn,"33,163","16,686","16,477","7,103","4,888",38.3,"5,861","27,302","14,490",404,11.0,"11,975",29.0,71,322,895,618,"1,223",927,"1,290","2,074","1,352","1,758",706,585,"58,243","75,950","23,822","3,146","2,326","6,188","2,486","1,667","5,345","2,664","5,472","8,009"
1,NTA2010,Bay Ridge,BK31,Brooklyn,"79,134","37,829","41,305","15,110","12,380",39.5,"14,134","65,000","50,197","1,511",181.0,"11,515",19.0,151,"1,426","2,313","1,573","3,235","3,047","3,542","5,570","4,108","4,827","2,497","2,775","63,539","86,319","58,178","4,106","3,900","11,165","8,251","3,746","15,823","11,187","8,006","27,010"
2,NTA2010,Bedford,BK75,Brooklyn,"75,318","36,491","38,827","22,379","5,816",29.1,"14,682","60,636","26,407","30,566",66.0,"2,290",0.0,149,"1,158","3,673","2,317","3,385","2,509","3,124","3,706","2,269","2,847","1,195","1,034","39,970","62,616","44,766","3,908","5,791","11,608","6,838","2,215","9,148","5,258","9,699","14,406"
3,NTA2010,Bensonhurst East,BK29,Brooklyn,"64,267","31,283","32,984","12,773","10,107",39.6,"7,923","56,344","29,894",531,0.0,"24,858",0.0,348,713,"2,356","1,413","2,718","2,185","2,655","3,898","2,558","2,416","1,144",844,"48,097","65,715","46,010","6,856","4,700","12,871","4,433","3,262","9,412","4,476","11,556","13,888"
4,NTA2010,Bensonhurst West,BK28,Brooklyn,"91,646","44,651","46,995","19,288","13,071",37.8,"13,378","78,268","39,112",801,111.0,"37,132",0.0,319,793,"2,330","1,746","3,383","3,246","4,036","5,117","3,428","3,743","1,649","1,231","51,035","70,198","65,016","11,095","7,191","18,127","6,748","4,796","12,275","4,784","18,286","17,059"
5,NTA2010,Borough Park,BK88,Brooklyn,"105,913","54,032","51,881","41,671","10,746",25.6,"10,244","95,669","80,190",946,140.0,"13,614",0.0,162,617,"2,208","2,630","4,619","3,829","3,442","3,888","2,221","2,751",978,856,"36,893","59,062","54,026","6,861","7,798","20,165","6,961","2,077","6,004","4,160","14,659","10,164"
6,NTA2010,Brighton Beach,BK19,Brooklyn,"34,157","16,234","17,923","6,305","7,804",44.3,"3,903","30,254","23,746",261,149.0,"5,105",0.0,142,851,"2,781","1,404","1,522","1,273","1,391","2,147",995,"1,228",689,667,"35,699","61,590","25,518","2,027","1,279","6,344","2,696","2,700","6,725","3,747","3,306","10,472"
7,NTA2010,Brooklyn Heights-Cobble Hill,BK09,Brooklyn,"24,140","12,002","12,138","3,272","3,214",37.2,"1,949","22,191","17,461","1,197",0.0,"2,327",10.0,62,"1,134",451,391,579,555,733,971,"1,205","2,013","1,329","2,925","116,189","178,252","18,627",393,169,"1,739","1,267",517,"6,784","7,758",562,"14,542"
8,NTA2010,Brownsville,BK81,Brooklyn,"60,124","25,026","35,098","16,611","6,348",32.1,"12,214","47,910",740,"45,539",166.0,963,0.0,151,351,"5,683","2,174","3,048","2,328","3,073","2,626","1,274","1,019",181,146,"24,504","37,892","37,310","3,765","6,572","13,224","6,853","2,728","3,057","1,111","10,337","4,168"
9,NTA2010,Bushwick North,BK77,Brooklyn,"60,834","31,025","29,809","13,875","3,846",30.1,"41,017","19,817","9,252","5,610",36.0,"3,996",0.0,198,725,"2,150","1,294","2,440","1,707","2,569","3,212","2,005","2,517",826,487,"46,485","62,341","38,677","8,591","6,710","7,868","4,916","1,549","6,763","2,280","15,301","9,043"
10,NTA2010,Bushwick South,BK78,Brooklyn,"75,003","36,743","38,260","15,991","7,495",31.1,"41,182","33,821","10,883","19,215",128.0,"2,559",0.0,171,865,"4,307","2,249","3,187","2,279","3,248","4,277","2,566","2,756",764,623,"39,733","56,697","49,208","7,888","7,330","12,200","7,258","2,660","8,981","2,891","15,218","11,872"
11,NTA2010,Canarsie,BK50,Brooklyn,"88,367","38,868","49,499","20,104","10,327",37.1,"5,467","82,900","4,048","74,885",331.0,"2,509",0.0,329,798,"2,310","1,301","2,437","2,319","3,489","4,820","4,322","4,628","1,905","1,146","62,263","76,268","58,981","3,788","4,857","17,259","11,705","6,064","10,086","5,222","8,645","15,308"
12,NTA2010,Carroll Gardens-Columbia Street-Red Hook,BK33,Brooklyn,"42,463","20,053","22,410","8,634","4,538",36.5,"8,037","34,426","25,780","4,632",0.0,"2,261",0.0,257,"1,496","1,988",695,"1,069",857,"1,136","2,132","1,758","2,716","2,003","3,757","91,757","138,368","31,675","1,816","2,209","4,198","2,932",710,"9,973","9,837","4,025","19,810"
13,NTA2010,Clinton Hill,BK69,Brooklyn,"38,655","18,140","20,515","7,204","3,803",33.1,"4,257","34,398","15,508","14,762",12.0,"2,454",17.0,165,"1,480","1,358",774,"1,085","1,052","1,437","2,374","2,222","2,651","1,425","1,419","72,799","96,050","26,710",989,"1,141","3,987","3,951","1,482","8,764","6,396","2,130","15,160"
14,NTA2010,Crown Heights North,BK61,Brooklyn,"107,134","48,201","58,933","22,045","11,439",33.7,"13,187","93,947","16,853","70,618",239.0,"3,262",0.0,569,"2,406","6,535","3,340","5,335","4,337","5,294","6,967","4,069","4,630","1,492","1,222","40,678","58,756","73,312","5,310","8,240","20,479","11,785","4,326","14,367","8,805","13,550","23,172"
15,NTA2010,Crown Heights South,BK63,Brooklyn,"41,962","19,724","22,238","10,171","4,758",32.3,"3,434","38,528","11,814","25,189",147.0,534,0.0,320,524,"1,225","1,164","1,820","1,547","2,329","2,835","1,778","1,550",382,341,"46,357","60,472","27,183","1,409","2,513","7,194","5,856","1,641","5,129","3,441","3,922","8,570"
16,NTA2010,Cypress Hills-City Line,BK83,Brooklyn,"48,899","23,499","25,400","12,539","3,710",32.6,"30,110","18,789","1,558","12,008",34.0,"3,928",0.0,645,616,"2,004",652,"1,571","1,413","2,060","2,892","1,461","1,437",414,255,"45,720","57,213","30,142","4,828","3,348","12,437","3,895","1,765","2,722","1,147","8,176","3,869"
17,NTA2010,DUMBO-Vinegar Hill-Downtown Brooklyn-Boerum Hill,BK38,Brooklyn,"42,245","20,331","21,914","7,462","3,788",34.1,"8,691","33,554","18,944","8,228",9.0,"4,684",19.0,319,"1,351","1,515",874,"1,405",851,"1,124","1,761","1,615","2,864","1,841","3,735","94,542","137,363","31,717","1,630","2,476","4,366","3,040","1,209","10,121","8,875","4,106","18,996"
18,NTA2010,Dyker Heights,BK30,Brooklyn,"45,877","22,293","23,584","10,076","6,783",38.9,"5,148","40,729","21,415",368,88.0,"18,471",7.0,70,310,"1,066",800,"1,907","1,310","1,620","2,685","1,627","2,153",833,906,"56,310","76,957","32,157","4,687","4,330","8,975","3,630","1,923","5,418","3,194","9,017","8,612"
19,NTA2010,East Flatbush-Farragut,BK91,Brooklyn,"53,535","22,995","30,540","11,632","8,278",39.1,"3,493","50,042",889,"47,317",9.0,897,0.0,228,702,"1,352","1,015","1,675","2,058","2,641","3,614","2,667","2,491",609,434,"53,207","65,093","37,056","2,377","2,326","13,233","7,224","3,008","5,773","3,115","4,703","8,888"
20,NTA2010,East New York,BK82,Brooklyn,"94,448","42,718","51,730","26,020","8,989",32.3,"25,482","68,966","1,617","62,486",46.0,"2,706",92.0,833,"1,186","6,174","2,386","4,051","3,491","4,485","4,833","3,138","2,808",823,555,"35,656","49,682","58,164","5,581","6,363","24,457","9,438","3,744","6,190","2,391","11,944","8,581"
21,NTA2010,East New York (Pennsylvania Ave),BK85,Brooklyn,"29,447","13,065","16,382","8,553","2,272",31.0,"6,913","22,534",560,"21,434",82.0,198,4.0,102,154,"2,610",739,"1,190",983,"1,188","1,450",798,713,337,71,"29,183","43,977","17,552","2,180","2,585","6,501","2,877","1,495","1,371",543,"4,765","1,914"
22,NTA2010,East Williamsburg,BK90,Brooklyn,"35,985","17,422","18,563","4,742","4,546",34.2,"10,711","25,274","15,882","3,125",180.0,"5,538",29.0,189,331,"1,448","1,137","2,053","1,324","1,672","2,155","1,813","2,244","1,022","1,096","53,891","76,888","27,475","3,214","2,449","5,614","3,534","1,143","8,342","3,179","5,663","11,521"
23,NTA2010,Erasmus,BK95,Brooklyn,"29,149","12,791","16,358","7,238","3,683",34.6,"2,843","26,306","1,230","23,974",17.0,449,0.0,49,587,"1,140",564,"1,079","1,245","1,541","1,733","1,282",942,315,212,"42,858","57,400","19,184","1,306","1,784","7,184","3,493","1,390","2,731","1,296","3,090","4,027"
24,NTA2010,Flatbush,BK42,Brooklyn,"108,653","50,284","58,369","26,328","11,702",34.3,"20,589","88,064","24,359","49,067",61.0,"11,129",11.0,974,"2,463","3,656","2,041","4,428","4,509","4,907","7,342","4,508","4,053","1,554","1,420","48,896","65,362","71,629","7,456","6,680","19,291","9,788","4,436","14,631","9,347","14,136","23,978"
25,NTA2010,Flatlands,BK58,Brooklyn,"72,540","33,447","39,093","16,592","9,671",37.5,"6,199","66,341","11,458","50,633",41.0,"3,008",11.0,288,902,"1,292",870,"1,619","1,704","2,908","4,060","3,561","4,066","1,712","1,281","69,459","84,670","48,562","2,728","3,304","13,960","9,288","4,230","9,390","5,662","6,032","15,052"
26,NTA2010,Fort Greene,BK68,Brooklyn,"30,288","13,630","16,658","5,492","3,805",35.7,"6,482","23,806","8,540","11,222",19.0,"2,937",0.0,83,"1,005","1,354",739,"1,155","1,033","1,316","1,590","1,507","1,473",926,"1,401","59,907","93,799","21,722","1,818","2,071","3,584","2,958",842,"5,334","5,115","3,889","10,449"
27,NTA2010,Georgetown-Marine Park-Bergen Beach-Mill Basin,BK45,Brooklyn,"47,997","23,176","24,821","11,601","7,735",40.4,"5,118","42,879","32,452","6,072",0.0,"3,580",0.0,136,639,664,592,"1,076","1,335","1,680","2,561","2,146","3,487","1,627","1,620","80,660","101,679","32,918","1,482","1,475","9,567","5,402","2,581","7,312","5,099","2,957","12,411"
28,NTA2010,Gravesend,BK26,Brooklyn,"30,288","13,919","16,369","6,477","5,523",40.4,"4,327","25,961","15,255","2,384",105.0,"7,534",0.0,24,659,"1,546",993,"1,560","1,211","1,228","1,666","1,095","1,246",465,365,"38,573","60,829","21,165","2,346","2,283","5,697","2,641","1,653","3,979","2,566","4,629","6,545"
29,NTA2010,Greenpoint,BK76,Brooklyn,"33,351","15,989","17,362","3,361","3,240",34.7,"4,340","29,011","25,167",736,29.0,"1,950",9.0,185,935,"1,235",429,"1,409",971,"1,405","2,555","2,356","2,970","1,181","1,358","74,283","89,569","27,564","1,183","1,318","4,685","3,572","1,298","9,776","5,732","2,501","15,508"
30,NTA2010,Homecrest,BK25,Brooklyn,"44,516","21,822","22,694","12,516","6,342",33.6,"4,454","40,062","34,673",427,108.0,"3,855",159.0,82,758,"1,332",954,"1,876","1,448","1,936","2,504","1,735","2,136",793,861,"52,093","75,661","28,762","2,362","2,178","7,609","3,695","2,044","6,710","4,164","4,540","10,874"
31,NTA2010,Kensington-Ocean Parkway,BK41,Brooklyn,"37,676","18,658","19,018","10,438","4,009",32.8,"6,056","31,620","18,756","2,682",31.0,"8,416",0.0,212,"1,523","1,058",664,"1,491","1,221","1,325","2,074","1,632","1,580",663,463,"54,163","70,115","23,846","2,391","1,983","5,091","3,058","1,736","5,604","3,983","4,374","9,587"
32,NTA2010,Madison,BK44,Brooklyn,"40,122","19,655","20,467","8,365","6,984",41.5,"3,471","36,651","26,247",547,0.0,"8,893",65.0,60,839,"1,246",798,"1,484","1,233","1,758","2,461","1,727","2,293",865,981,"58,966","77,976","28,322","2,371","1,655","7,299","3,407","1,991","7,023","4,576","4,026","11,599"
33,NTA2010,Midwood,BK43,Brooklyn,"53,377","25,735","27,642","14,500","7,954",34.6,"3,879","49,498","39,881","2,814",87.0,"5,946",0.0,92,678,"2,369","1,375","2,128","1,729","2,178","2,655","1,815","2,096",989,"1,363","46,598","77,887","33,648","2,468","2,282","7,387","4,377","2,829","8,261","6,044","4,750","14,305"
34,NTA2010,North Side-South Side,BK73,Brooklyn,"54,330","27,348","26,982","9,660","3,761",32.2,"18,952","35,378","28,571","1,581",0.0,"3,829",28.0,215,"1,154","1,968","1,350","1,582","1,821","2,259","2,789","2,584","3,553","2,192","3,036","73,312","104,645","40,554","2,945","2,931","5,751","5,164","1,221","14,599","7,943","5,876","22,542"
35,NTA2010,Ocean Hill,BK79,Brooklyn,"34,025","15,457","18,568","9,463","3,569",32.7,"6,927","27,098","1,310","24,756",29.0,638,0.0,66,299,"2,104","1,149","1,635","1,361","1,767","2,217","1,065",790,318,219,"35,638","50,288","20,948","2,445","3,034","6,715","3,158","1,657","2,909","1,030","5,479","3,939"
36,NTA2010,Ocean Parkway South,BK46,Brooklyn,"21,253","10,518","10,735","6,895","2,939",31.2,"1,733","19,520","17,545",229,301.0,"1,082",0.0,5,358,682,296,900,586,773,"1,062",643,829,410,651,"54,104","89,512","12,226",899,774,"3,035","1,847",844,"2,728","2,099","1,673","4,827"
37,NTA2010,Park Slope-Gowanus,BK37,Brooklyn,"73,881","35,548","38,333","14,515","6,683",35.4,"12,316","61,565","49,436","3,260",117.0,"5,177",0.0,449,"3,126","1,197",719,"1,010","1,102","2,273","3,682","3,721","5,877","4,113","7,453","113,781","160,700","55,408","1,761","1,892","4,045","4,014","1,778","19,932","21,986","3,653","41,918"
38,NTA2010,park-cemetery-etc-Brooklyn,BK99,Brooklyn,375,221,154,54,5,35.9,85,290,217,23,0.0,28,0.0,16,6,0,0,0,16,6,18,41,32,22,30,"102,205","135,692",300,6,0,57,35,12,131,59,6,190
39,NTA2010,Prospect Heights,BK64,Brooklyn,"20,493","9,973","10,520","3,299","2,105",36.2,"2,343","18,150","10,366","5,090",34.0,"1,495",0.0,88,"1,077",527,306,618,593,835,"1,215","1,016","1,775",995,"1,451","89,061","117,343","16,154",609,600,"1,877","1,545",579,"5,289","5,655","1,209","10,944"
40,NTA2010,Prospect Lefferts Gardens-Wingate,BK60,Brooklyn,"69,363","31,044","38,319","15,126","9,771",36.0,"7,294","62,069","10,187","48,670",40.0,"1,514",82.0,302,"1,274","2,880","1,757","3,051","3,202","3,664","4,676","2,936","2,653","1,017",754,"43,485","62,975","47,840","3,763","4,425","14,293","8,975","3,328","8,028","5,028","8,188","13,056"
41,NTA2010,Rugby-Remsen Village,BK96,Brooklyn,"55,951","24,412","31,539","11,933","8,034",38.7,"3,917","52,034",985,"49,751",100.0,608,0.0,128,462,"2,013","1,251","2,672","2,176","2,960","3,907","2,464","2,193",689,436,"45,863","59,398","38,231","3,140","3,075","13,600","7,157","3,102","5,493","2,664","6,215","8,157"
42,NTA2010,Seagate-Coney Island,BK21,Brooklyn,"29,677","13,277","16,400","6,965","5,717",39.8,"7,776","21,901","9,216","8,841",91.0,"3,128",0.0,243,382,"2,396","1,327","1,663","1,057","1,097","1,384",712,786,286,273,"26,033","51,426","19,796","2,663","2,869","5,653","2,579","1,438","3,016","1,578","5,532","4,594"
43,NTA2010,Sheepshead Bay-Gerritsen Beach-Manhattan Beach,BK17,Brooklyn,"66,293","31,519","34,774","12,509","12,695",43.7,"5,809","60,484","43,445","4,741",167.0,"11,275",80.0,49,727,"2,482","1,843","2,705","2,586","2,839","4,010","3,053","3,893","1,427","1,360","54,371","73,419","48,693","3,649","3,341","12,123","6,084","3,793","12,190","7,513","6,990","19,703"
44,NTA2010,Starrett City,BK93,Brooklyn,"12,388","4,869","7,519","2,213","3,607",48.7,"2,208","10,180","2,759","6,816",117.0,306,0.0,0,182,"1,064","1,258",910,610,979,"1,021",256,222,24,64,"24,601","35,486","9,312",928,"1,392","2,889","1,433",910,"1,043",717,"2,320","1,760"
45,NTA2010,Stuyvesant Heights,BK35,Brooklyn,"67,371","31,122","36,249","15,160","7,490",33.2,"12,114","55,257","6,512","45,035",165.0,"2,263",0.0,175,"1,107","4,005","2,201","2,606","2,670","3,045","3,722","2,447","2,910",918,962,"41,269","60,491","44,592","3,466","5,845","12,834","7,558","2,844","7,859","4,186","9,311","12,045"
46,NTA2010,Sunset Park East,BK34,Brooklyn,"71,850","36,321","35,529","18,795","5,813",32.6,"22,901","48,949","9,109","1,045",22.0,"37,938",14.0,206,615,"1,671","1,731","3,249","2,387","3,164","3,208","2,217","1,506",593,197,"39,200","51,842","46,569","12,609","12,625","9,466","3,372","1,529","4,667","2,301","25,234","6,968"
47,NTA2010,Sunset Park West,BK32,Brooklyn,"57,377","30,420","26,957","12,932","5,085",32.8,"36,494","20,883","9,735","1,817",129.0,"8,447",17.0,113,625,"1,542",993,"2,232","1,767","2,215","2,877","1,647","2,009",646,826,"47,397","66,976","38,812","7,757","7,283","8,752","4,033","1,776","5,556","3,655","15,040","9,211"
48,NTA2010,West Brighton,BK23,Brooklyn,"15,754","6,943","8,811","1,440","5,559",57.8,429,"15,325","14,931",177,0.0,149,8.0,0,60,"1,152",858,"1,016",539,"1,073","1,273",898,843,326,154,"40,910","58,592","13,594",390,359,"2,659","1,705","1,555","3,895","3,031",749,"6,926"
49,NTA2010,Williamsburg,BK72,Brooklyn,"33,767","17,336","16,431","16,185","2,557",19.3,"2,748","31,019","29,533","1,238",20.0,114,11.0,0,103,"1,328","1,433","1,642","1,089",765,858,523,325,120,232,"23,188","43,748","14,001","1,451","2,800","5,541","2,601",468,666,474,"4,251","1,140"
50,NTA2010,Windsor Terrace,BK40,Brooklyn,"22,031","10,214","11,817","4,757","2,591",37.5,"2,881","19,150","14,870","1,055",9.0,"2,580",0.0,122,514,529,285,540,423,712,"1,296","1,206","1,986",802,"1,356","91,219","118,325","16,061",587,761,"1,606","1,974",737,"5,334","5,062","1,348","10,396"
51,NTA2010,Battery Park City-Lower Manhattan,MN25,Manhattan,"45,737","22,214","23,523","6,829","2,735",32.7,"3,960","41,777","29,642","1,100",41.0,"9,687",6.0,228,"1,073","1,348",406,755,487,866,"1,897","2,100","4,424","2,488","7,303","134,266","192,766","33,950",674,344,"1,262","2,161",781,"15,471","13,257","1,018","28,728"
52,NTA2010,Central Harlem North-Polo Grounds,MN03,Manhattan,"85,872","39,882","45,990","18,896","8,238",33.7,"22,264","63,608","7,770","51,362",349.0,"1,745",81.0,196,"2,105","5,534","3,154","4,603","3,853","4,068","5,406","3,027","2,975",932,"1,203","35,748","57,738","57,680","4,562","7,300","14,285","9,486","4,109","10,567","7,371","11,862","17,938"
53,NTA2010,Central Harlem South,MN11,Manhattan,"50,095","23,624","26,471","10,381","4,447",34.8,"9,840","40,255","9,974","26,221",47.0,"2,621",0.0,150,"1,242","2,787","1,489","1,438","1,430","2,106","2,915","1,784","2,419","1,411","1,726","53,590","87,914","35,200","2,056","3,767","7,056","4,990","1,781","8,054","7,496","5,823","15,550"
54,NTA2010,Chinatown,MN27,Manhattan,"44,898","23,477","21,421","5,439","7,621",40.0,"6,604","38,294","7,967","2,467",40.0,"26,336",8.0,324,"1,152","2,566","2,010","2,516","1,513","1,784","2,447","1,750","1,690",677,"1,238","38,854","67,713","35,477","8,705","3,930","7,059","2,562","1,074","8,497","3,650","12,635","12,147"
55,NTA2010,Clinton,MN15,Manhattan,"44,293","24,451","19,842","2,591","5,024",38.7,"8,588","35,705","24,899","2,510",80.0,"7,018",12.0,360,826,"1,922","1,005","1,848","2,397","1,982","3,241","3,027","4,198","2,402","4,426","81,845","118,236","37,316","1,039","1,174","3,370","3,316","1,867","16,000","10,550","2,213","26,550"
56,NTA2010,East Harlem North,MN34,Manhattan,"61,031","27,989","33,042","14,571","7,031",33.4,"29,200","31,831","5,186","21,873",21.0,"3,337",16.0,508,890,"5,034","2,903","3,343","2,564","2,838","3,080","1,518","1,384",730,519,"27,377","46,221","39,697","4,867","6,188","10,461","5,912","1,878","6,324","4,067","11,055","10,391"
57,NTA2010,East Harlem South,MN33,Manhattan,"59,777","27,387","32,390","11,144","7,688",34.5,"25,873","33,904","12,998","13,706",0.0,"5,853",72.0,381,894,"3,854","2,605","3,057","2,228","2,434","3,209","2,279","2,031",691,"1,669","36,766","74,689","41,724","3,963","5,229","8,620","5,098","2,280","9,582","6,952","9,192","16,534"
58,NTA2010,East Village,MN22,Manhattan,"43,022","21,841","21,181","2,203","4,052",32.4,"4,672","38,350","29,218","2,170",47.0,"5,957",37.0,46,875,"2,447",781,"1,961","1,700","1,760","2,641","2,584","3,516","1,905","3,057","73,965","105,620","32,756","1,345",944,"3,246","2,777","1,326","14,335","8,783","2,289","23,118"
59,NTA2010,Gramercy,MN21,Manhattan,"27,886","12,510","15,376","1,694","3,111",33.5,"2,091","25,795","19,804","1,098",174.0,"4,002",0.0,69,648,662,299,752,528,553,"1,575","1,743","2,647","1,650","3,758","116,266","172,590","20,898",193,215,"1,133","1,512",869,"9,464","7,512",408,"16,976"
60,NTA2010,Hamilton Heights,MN04,Manhattan,"52,508","26,649","25,859","9,216","5,447",34.3,"24,053","28,455","8,759","15,524",52.0,"1,863",0.0,115,"2,142","2,615","1,088","1,925","2,436","2,175","3,576","2,068","1,773",941,629,"44,173","62,703","37,497","4,892","4,857","7,845","5,472","1,819","7,147","5,465","9,749","12,612"
61,NTA2010,Hudson Yards-Chelsea-Flat Iron-Union Square,MN13,Manhattan,"77,205","40,160","37,045","8,028","8,915",37.1,"10,838","66,367","48,751","4,429",51.0,"11,102",0.0,349,"1,685","2,924","1,479","2,333","1,862","3,098","4,395","3,507","6,727","4,198","11,601","109,092","184,732","62,879","1,752","1,949","5,103","5,385","1,895","25,043","21,752","3,701","46,795"
62,NTA2010,Lenox Hill-Roosevelt Island,MN31,Manhattan,"82,051","36,408","45,643","11,976","13,644",37.7,"7,412","74,639","59,069","3,197",330.0,"9,810",77.0,41,"2,115","2,216","1,271","1,966","2,205","2,967","5,803","4,581","6,799","4,111","12,005","105,539","170,988","66,066",806,"1,170","4,904","5,282","2,167","25,198","26,539","1,976","51,737"
63,NTA2010,Lincoln Square,MN14,Manhattan,"59,691","27,383","32,308","8,199","10,747",41.5,"6,010","53,681","42,982","2,053",43.0,"7,131",5.0,230,"1,237","1,861",681,"2,034","1,366","1,574","3,517","2,795","4,814","4,083","9,930","121,137","203,752","48,199",568,754,"3,354","3,662","1,070","15,054","23,737","1,322","38,791"
64,NTA2010,Lower East Side,MN28,Manhattan,"72,789","32,967","39,822","11,226","13,063",41.1,"28,805","43,984","15,996","8,007",194.0,"17,591",41.0,774,"1,381","5,397","4,212","4,503","3,040","3,134","3,891","1,679","3,114","1,118","1,928","31,180","61,325","55,258","9,108","5,964","12,020","6,499","2,671","12,907","6,089","15,072","18,996"
65,NTA2010,Manhattanville,MN06,Manhattan,"23,666","10,763","12,903","4,308","2,610",33.2,"13,381","10,285","2,357","6,435",0.0,944,14.0,11,524,"1,752",984,751,"1,019","1,289",855,664,550,267,110,"30,871","44,966","15,681","2,696","2,040","3,504","2,137",605,"2,602","2,097","4,736","4,699"
66,NTA2010,Marble Hill-Inwood,MN01,Manhattan,"52,681","25,206","27,475","11,190","6,189",35.2,"38,689","13,992","8,367","3,956",1.0,866,29.0,121,652,"2,202","1,396","3,072","2,061","2,109","2,739","2,617","1,752",571,538,"40,278","57,340","35,991","6,038","3,812","7,792","5,832","2,003","6,128","4,386","9,850","10,514"
67,NTA2010,Midtown-Midtown South,MN17,Manhattan,"27,811","13,456","14,355","1,966","4,193",35.1,"2,307","25,504","17,344","1,148",75.0,"6,029",26.0,209,673,"1,458",723,908,582,"1,019","1,156","1,107","2,303","1,529","4,722","116,456","181,291","21,880",487,402,"1,657","1,741",464,"8,285","8,844",889,"17,129"
68,NTA2010,Morningside Heights,MN09,Manhattan,"53,707","23,985","29,722","6,898","6,779",29.6,"11,803","41,904","25,978","5,965",96.0,"8,025",27.0,604,"1,209","3,165","1,179","1,734","1,344","1,041","2,292","1,936","2,248","1,420","2,960","63,563","109,444","33,214","1,708","1,651","4,098","2,893","1,062","8,978","12,824","3,359","21,802"
69,NTA2010,Murray Hill-Kips Bay,MN20,Manhattan,"47,774","22,112","25,662","4,582","7,071",34.2,"5,728","42,046","29,280","1,996",23.0,"9,145",0.0,186,"1,416","1,662","1,050","1,233","1,143","2,056","3,657","2,691","4,395","2,917","5,255","95,701","134,337","38,371",980,"1,050","3,003","3,624","1,382","16,217","12,115","2,030","28,332"
70,NTA2010,park-cemetery-etc-Manhattan,MN99,Manhattan,"1,765","1,549",216,6,166,50.9,358,"1,407",386,903,14.0,51,31.0,10,12,0,0,0,0,0,0,0,0,0,0,,,"1,677",162,709,477,191,35,71,32,871,103
71,NTA2010,SoHo-TriBeCa-Civic Center-Little Italy,MN24,Manhattan,"42,979","21,369","21,610","6,582","4,964",36.1,"2,839","40,140","28,050","1,023",43.0,"9,281",0.0,125,"1,618","1,175",554,"1,266",733,"1,223","1,918","1,506","2,739","1,588","6,998","121,638","251,546","32,360","1,771",971,"2,471","2,240",761,"13,525","10,621","2,742","24,146"
72,NTA2010,Stuyvesant Town-Cooper Village,MN50,Manhattan,"21,462","8,570","12,892","2,220","3,712",35.4,"1,778","19,684","15,874",728,0.0,"2,456",0.0,66,560,759,431,284,393,855,"1,003","1,705","2,197","1,073","1,780","97,212","115,504","16,285",36,205,761,"1,436",543,"6,358","6,946",241,"13,304"
73,NTA2010,Turtle Bay-East Midtown,MN19,Manhattan,"49,628","22,825","26,803","4,199","11,385",42.3,"3,207","46,421","36,919",917,45.0,"7,568",6.0,133,833,"1,284",490,"1,395",865,"1,987","3,250","3,076","4,930","3,174","8,540","119,688","202,545","42,565",286,542,"2,065","3,829","1,144","18,300","16,399",828,"34,699"
74,NTA2010,Upper East Side-Carnegie Hill,MN40,Manhattan,"58,593","25,816","32,777","10,017","16,305",47.9,"4,130","54,463","49,005",602,13.0,"3,598",0.0,148,"1,097","1,231",317,961,"1,072","1,182","2,549","2,872","3,910","2,877","11,883","155,786","302,939","46,382",315,499,"2,387","3,046",943,"17,099","22,093",814,"39,192"
75,NTA2010,Upper West Side,MN12,Manhattan,"134,019","60,289","73,730","21,240","25,375",43.3,"21,966","112,053","88,180","9,655",72.0,"10,607",0.0,429,"3,110","4,607","2,686","3,986","3,530","4,169","7,795","6,234","9,729","6,493","16,447","99,320","176,267","106,918","3,645","4,015","8,766","9,266","2,777","34,588","43,861","7,660","78,449"
76,NTA2010,Washington Heights North,MN35,Manhattan,"73,523","36,016","37,507","12,544","10,082",37.1,"47,310","26,213","19,079","3,892",22.0,"2,028",0.0,160,"1,032","2,830","1,387","3,235","2,297","3,458","4,337","3,156","2,917","1,142","1,089","48,800","66,101","52,932","8,385","6,315","7,770","7,571","2,485","11,720","8,686","14,700","20,406"
77,NTA2010,Washington Heights South,MN36,Manhattan,"92,476","46,133","46,343","15,216","11,095",34.6,"67,385","25,091","11,476","9,238",40.0,"3,003",66.0,303,965,"4,071","2,591","3,551","3,157","3,198","5,387","2,550","3,154",959,677,"39,841","56,537","67,159","13,165","7,823","13,117","9,644","4,070","12,602","6,738","20,988","19,340"
78,NTA2010,West Village,MN23,Manhattan,"66,772","33,233","33,539","5,498","9,849",36.5,"4,032","62,740","53,660","1,339",141.0,"5,741",16.0,323,"1,520","1,593",698,"1,670","1,784","2,623","4,336","3,371","5,543","4,566","10,722","119,593","192,741","54,643",390,465,"2,905","3,476","1,291","24,252","21,864",855,"46,116"
79,NTA2010,Yorkville,MN32,Manhattan,"81,278","34,968","46,310","10,496","13,634",38.1,"8,403","72,875","60,628","2,494",35.0,"7,253",134.0,140,"2,191","1,878","1,485","3,018","1,568","3,274","5,765","5,183","8,039","4,271","9,564","99,282","150,969","66,968",914,"1,053","4,827","4,883","2,432","29,136","23,723","1,967","52,859"
80,NTA2010,Airport,QN98,Queens,0,0,0,0,0,,0,0,0,0,0.0,0,0.0,0,0,0,0,0,0,0,0,0,0,0,0,,,0,0,0,0,0,0,0,0,0,0
81,NTA2010,Astoria,QN70,Queens,"77,252","37,588","39,664","9,783","9,850",35.1,"20,787","56,465","38,563","2,870",49.0,"12,811",53.0,383,"1,736","2,544","1,659","3,237","2,946","4,269","6,177","4,746","5,133","2,188","1,426","59,453","76,138","61,188","5,658","3,708","11,861","6,907","4,241","18,361","10,452","9,366","28,813"
82,NTA2010,Auburndale,QN48,Queens,"20,609","10,181","10,428","3,832","3,494",43.3,"2,732","17,877","7,582",214,33.0,"9,507",0.0,56,485,267,225,395,501,696,"1,392","1,003","1,182",741,535,"74,862","92,045","15,457","1,119","1,090","3,933","2,214","1,378","3,286","2,437","2,209","5,723"
83,NTA2010,Baisley Park,QN76,Queens,"39,079","18,449","20,630","9,205","4,323",35.0,"5,132","33,947",420,"27,740",108.0,"2,109",0.0,"2,602",968,575,480,815,910,"1,540","2,103","1,802","1,806",689,251,"62,609","74,779","25,891","1,832","2,629","9,097","5,812","2,066","2,984","1,471","4,461","4,455"
84,NTA2010,Bayside-Bayside Hills,QN46,Queens,"44,864","21,722","23,142","8,320","7,751",42.7,"5,992","38,872","18,640",726,0.0,"18,741",0.0,81,684,602,380,"1,124","1,041","1,461","2,568","2,430","3,000","1,666","1,401","81,794","97,749","33,313","2,223","1,566","7,392","5,000","2,998","8,412","5,722","3,789","14,134"
85,NTA2010,Bellerose,QN43,Queens,"26,916","13,117","13,799","5,690","3,760",38.3,"5,502","21,414","7,436","1,705",29.0,"11,256",0.0,402,586,532,288,477,407,"1,050","1,344","1,186","1,520",986,402,"74,950","87,758","18,451","1,027","1,199","5,934","2,759","1,262","3,711","2,559","2,226","6,270"
86,NTA2010,Breezy Point-Belle Harbor-Rockaway Park-Broad Channel,QN10,Queens,"28,243","14,407","13,836","6,245","5,583",45.8,"3,469","24,774","21,974","1,726",75.0,667,0.0,198,134,564,407,710,665,"1,046","1,633","1,635","1,925","1,233","1,007","80,924","103,538","20,417",836,"1,360","4,604","4,146","1,654","4,436","3,381","2,196","7,817"
87,NTA2010,Briarwood-Jamaica Hills,QN35,Queens,"42,224","20,596","21,628","7,971","5,344",37.6,"11,399","30,825","7,020","4,892",55.0,"16,617",8.0,696,"1,537",936,330,"1,656","1,287","1,413","2,953","1,851","2,360",971,512,"62,588","75,837","30,190","3,026","2,148","6,442","4,134","2,583","7,618","4,239","5,174","11,857"
88,NTA2010,Cambria Heights,QN33,Queens,"19,546","8,823","10,723","3,458","4,010",44.4,"1,015","18,531",227,"17,681",57.0,138,0.0,114,314,201,146,302,437,627,"1,071",903,"1,400",598,396,"82,100","94,177","14,415",522,825,"3,999","3,175","1,427","2,655","1,812","1,347","4,467"
89,NTA2010,College Point,QN23,Queens,"25,875","12,841","13,034","5,903","3,469",37.4,"9,809","16,066","6,221",556,190.0,"8,363",47.0,132,557,459,250,905,840,"1,142","1,389","1,135","1,025",417,290,"55,021","73,641","17,538","2,176","1,895","6,022","2,586","1,320","2,506","1,033","4,071","3,539"
90,NTA2010,Corona,QN25,Queens,"58,626","30,733","27,893","15,325","6,196",33.9,"36,037","22,589","3,983","9,504",180.0,"8,404",0.0,229,289,"1,625",687,"1,951","2,093","2,784","3,279","1,878","1,774",374,198,"45,589","55,734","37,791","8,057","4,286","12,164","4,955","2,456","4,223","1,650","12,343","5,873"
91,NTA2010,Douglas Manor-Douglaston-Little Neck,QN45,Queens,"25,738","11,891","13,847","4,933","5,199",44.9,"3,064","22,674","11,938",409,0.0,"9,656",0.0,102,569,387,182,573,829,790,"1,598","1,435","1,971",941,978,"83,413","103,424","19,261",804,703,"3,664","3,087","1,673","5,237","4,093","1,507","9,330"
92,NTA2010,East Elmhurst,QN27,Queens,"21,760","10,950","10,810","4,697","2,841",34.6,"13,548","8,212","1,169","4,912",0.0,"1,725",0.0,189,217,546,242,662,696,977,974,782,808,252,125,"48,362","64,815","14,691","2,334","1,384","5,750","1,930",996,"1,618",679,"3,718","2,297"
93,NTA2010,East Flushing,QN52,Queens,"26,436","13,330","13,106","4,261","4,164",42.0,"5,053","21,383","3,768",442,53.0,"16,508",0.0,149,463,663,446,941,925,"1,287","1,170","1,015","1,099",434,366,"48,666","68,975","19,855","2,765","2,291","5,252","2,347","2,071","3,561","1,568","5,056","5,129"
94,NTA2010,Elmhurst,QN29,Queens,"83,663","42,573","41,090","16,419","10,248",37.2,"36,138","47,525","5,013","1,734",141.0,"38,777",0.0,479,"1,381","2,327","1,522","3,599","3,273","4,053","5,119","2,538","2,685",994,765,"44,367","59,604","59,794","10,703","6,437","17,097","6,969","3,707","10,647","4,234","17,140","14,881"
95,NTA2010,Elmhurst-Maspeth,QN50,Queens,"26,460","13,045","13,415","4,708","3,303",38.3,"7,178","19,282","3,588",186,25.0,"15,219",15.0,27,222,392,383,657,715,"1,348","1,794","1,056","1,016",423,287,"56,797","70,987","19,598","2,655","1,677","5,446","2,322","1,556","4,061","1,881","4,332","5,942"
96,NTA2010,Far Rockaway-Bayswater,QN15,Queens,"54,264","24,786","29,478","16,068","7,144",32.7,"14,516","39,748","14,380","22,400",90.0,"1,876",57.0,283,662,"2,747","1,061","1,678","1,567","2,323","2,651","1,841","1,715",628,464,"43,722","59,238","32,802","4,080","5,126","7,789","5,392","2,394","4,821","3,200","9,206","8,021"
97,NTA2010,Flushing,QN22,Queens,"70,697","32,894","37,803","11,375","11,640",42.9,"10,223","60,474","5,479","3,001",64.0,"50,133",22.0,748,"1,027","3,233","1,787","4,137","3,015","3,735","4,064","2,251","2,183",891,511,"37,698","52,996","54,190","6,925","7,923","15,239","5,300","6,650","7,990","4,163","14,848","12,153"
98,NTA2010,Forest Hills,QN17,Queens,"86,531","40,320","46,211","15,724","15,633",41.8,"13,127","73,404","46,136","2,404",222.0,"22,120",72.0,231,"2,219","2,877","2,129","3,131","2,355","3,473","6,943","4,981","6,702","3,376","3,291","70,278","93,862","66,621","2,884","1,954","11,147","7,933","4,952","20,300","17,451","4,838","37,751"
99,NTA2010,Fresh Meadows-Utopia,QN41,Queens,"18,700","8,911","9,789","3,402","2,900",41.8,"2,331","16,369","5,985",557,118.0,"8,999",0.0,266,444,518,267,414,455,773,"1,056",908,"1,096",644,529,"71,429","86,706","13,321",775,677,"2,681","2,008",941,"3,594","2,645","1,452","6,239"
100,NTA2010,Ft. Totten-Bay Terrace-Clearview,QN47,Queens,"21,945","10,199","11,746","3,336","5,661",48.2,"3,065","18,880","13,404",143,49.0,"4,878",0.0,40,366,519,398,718,566,927,"1,728","1,494","1,716","1,046",736,"76,137","92,041","17,145",748,910,"3,830","2,182","1,344","4,633","3,498","1,658","8,131"
101,NTA2010,Glen Oaks-Floral Park-New Hyde Park,QN44,Queens,"23,344","10,516","12,828","3,325","5,758",48.8,"2,168","21,176","10,533","1,149",26.0,"8,601",0.0,118,749,302,196,567,619,832,"1,449","1,472","1,959",964,670,"84,340","99,771","18,154",887,824,"4,972","2,427","1,595","4,104","3,345","1,711","7,449"
102,NTA2010,Glendale,QN19,Queens,"34,029","16,895","17,134","6,926","4,485",39.2,"11,642","22,387","20,094",505,12.0,"1,367",8.0,6,395,608,329,987,910,"1,284","2,199","2,069","2,206",713,515,"70,509","81,563","24,224","1,750","1,768","8,578","4,745","1,548","3,876","1,959","3,518","5,835"
103,NTA2010,Hammels-Arverne-Edgemere,QN12,Queens,"39,003","18,117","20,886","11,438","4,240",34.2,"10,607","28,396","6,175","18,830",45.0,"2,160",0.0,357,829,"1,803",890,"1,800","1,473","1,727","2,015","1,112","1,464",475,302,"39,374","56,077","24,185","2,143","3,849","6,669","4,618","1,833","3,416","1,657","5,992","5,073"
104,NTA2010,Hollis,QN07,Queens,"21,214","10,076","11,138","4,302","2,768",37.8,"2,325","18,889",551,"12,445",9.0,"4,132",0.0,"1,012",740,438,192,587,433,697,"1,065",809,"1,078",420,311,"66,176","78,912","14,536","1,315","1,099","4,619","2,697","1,326","2,438","1,042","2,414","3,480"
105,NTA2010,Hunters Point-Sunnyside-West Maspeth,QN31,Queens,"66,926","33,889","33,037","10,833","6,469",36.2,"22,883","44,043","25,244","1,249",72.0,"15,707",0.0,222,"1,549","1,481","1,070","2,508","2,272","3,225","4,921","3,609","4,462","2,103","2,594","67,822","91,724","51,687","4,405","4,035","10,660","5,315","3,904","14,679","8,689","8,440","23,368"
106,NTA2010,Jackson Heights,QN28,Queens,"104,125","52,176","51,949","19,792","14,175",39.0,"58,866","45,259","16,416","1,913",126.0,"24,998",95.0,429,"1,282","2,139","1,668","4,491","4,600","4,368","7,952","4,600","4,109","1,696","1,083","53,288","67,112","74,887","10,145","7,495","22,493","8,965","5,938","12,812","7,039","17,640","19,851"
107,NTA2010,Jamaica,QN61,Queens,"55,597","27,271","28,326","13,430","6,391",35.2,"20,129","35,468","2,000","9,362",500.0,"17,430",0.0,"4,171","2,005","1,297","1,226","2,131","1,853","2,665","2,923","1,657","1,330",574,296,"42,970","55,954","37,356","7,091","4,499","10,312","4,861","2,651","5,617","2,325","11,590","7,942"
108,NTA2010,Jamaica Estates-Holliswood,QN06,Queens,"26,757","12,363","14,394","5,386","4,693",41.9,"3,539","23,218","6,333","6,668",0.0,"8,732",0.0,488,997,327,254,682,718,"1,312","1,739","1,235","1,237",886,851,"69,745","93,424","19,096","1,419","1,045","3,951","2,615","1,463","4,963","3,640","2,464","8,603"
109,NTA2010,Kew Gardens,QN60,Queens,"23,719","11,513","12,206","4,988","3,275",38.3,"5,829","17,890","10,983","1,546",68.0,"4,520",0.0,161,612,706,325,925,904,"1,027","2,016","1,371","1,465",664,612,"63,518","82,749","17,166",868,"1,015","2,945","2,489","1,767","4,663","3,419","1,883","8,082"
110,NTA2010,Kew Gardens Hills,QN37,Queens,"38,404","18,401","20,003","8,949","5,284",35.9,"5,053","33,351","20,078","2,720",61.0,"9,133",0.0,0,"1,359",627,691,"1,216","1,227","1,455","2,254","1,797","2,188","1,164",580,"64,561","81,683","25,294","1,588","1,282","6,001","3,061","2,645","5,977","4,740","2,870","10,717"
111,NTA2010,Laurelton,QN66,Queens,"26,924","12,599","14,325","5,568","4,429",40.6,"1,790","25,134",311,"23,802",73.0,228,35.0,166,519,235,244,548,567,800,"1,334","1,247","1,598","1,007",554,"81,795","96,095","18,940",754,"1,148","5,047","4,281","2,316","3,346","2,048","1,902","5,394"
112,NTA2010,Lindenwood-Howard Beach,QN57,Queens,"28,247","13,364","14,883","5,526","5,972",45.0,"6,225","22,022","19,667",466,0.0,"1,170",0.0,317,402,646,470,700,752,"1,377","1,635","1,556","1,508","1,097",736,"68,531","92,838","20,902","1,457","1,804","6,436","3,430","2,069","3,803","1,903","3,261","5,706"
113,NTA2010,Maspeth,QN30,Queens,"29,111","14,198","14,913","6,193","3,769",38.9,"8,874","20,237","15,685",401,60.0,"3,716",0.0,26,349,858,522,994,"1,005","1,139","1,920","1,589","1,580",699,532,"62,820","79,157","20,673","1,674","1,368","7,056","3,398","1,740","3,709","1,728","3,042","5,437"
114,NTA2010,Middle Village,QN21,Queens,"38,033","17,839","20,194","7,018","7,384",43.5,"6,757","31,276","26,824",334,0.0,"3,693",0.0,16,409,928,484,"1,165","1,267","1,405","2,304","2,112","2,854","1,398",714,"72,118","85,918","28,751","1,982","1,731","8,973","4,802","2,215","5,689","3,359","3,713","9,048"
115,NTA2010,Murray Hill,QN51,Queens,"52,659","24,719","27,940","8,773","9,190",43.4,"7,756","44,903","12,939",741,124.0,"29,772",34.0,465,828,"1,524",906,"2,140","1,903","2,025","3,025","2,113","2,072",898,"1,109","52,762","72,306","40,056","4,706","4,319","10,819","5,554","4,217","6,492","3,949","9,025","10,441"
116,NTA2010,North Corona,QN26,Queens,"54,677","29,987","24,690","14,759","3,437",30.2,"48,057","6,620",547,"1,811",64.0,"3,855",0.0,150,193,563,554,"1,627","1,660","2,042","2,124","1,532","1,518",383,175,"47,218","60,921","34,053","11,721","4,415","10,740","3,273","1,408","1,764",732,"16,136","2,496"
117,NTA2010,Oakland Gardens,QN42,Queens,"28,669","14,015","14,654","5,858","5,168",43.9,"2,307","26,362","11,361",766,37.0,"13,318",53.0,44,783,524,356,"1,010",837,"1,197","1,959","1,254","1,972",990,952,"70,660","95,781","21,146","1,285",894,"4,475","3,052","1,900","5,411","4,129","2,179","9,540"
118,NTA2010,Old Astoria,QN71,Queens,"28,110","13,917","14,193","4,673","3,151",34.2,"8,538","19,572","10,670","3,332",87.0,"4,914",28.0,148,393,911,532,"1,335","1,095","1,502","1,757","1,505","1,601",575,626,"55,087","75,984","20,661","2,123","1,838","4,260","2,484","1,186","5,961","2,809","3,961","8,770"
119,NTA2010,Ozone Park,QN56,Queens,"23,415","11,419","11,996","5,404","2,448",37.1,"10,181","13,234","5,389","1,350",0.0,"5,496",0.0,374,625,389,274,732,415,586,"1,337","1,033","1,373",505,310,"70,275","82,307","15,506","1,545","1,810","4,882","2,655","1,116","2,238","1,260","3,355","3,498"
120,NTA2010,park-cemetery-etc-Queens,QN99,Queens,366,212,154,85,101,40.8,33,333,251,51,0.0,20,0.0,0,11,0,4,19,25,9,26,8,27,11,7,"58,460","75,310",259,27,19,65,62,22,24,40,46,64
121,NTA2010,Pomonok-Flushing Heights-Hillcrest,QN38,Queens,"36,416","16,753","19,663","7,603","4,677",36.1,"7,976","28,440","11,988","3,730",0.0,"11,603",0.0,277,842,"1,369",640,"1,201","1,305","1,244","2,098","1,190","1,513",628,717,"52,068","74,858","23,427","1,961","1,594","6,356","3,410","2,618","4,654","2,834","3,555","7,488"
122,NTA2010,Queens Village,QN34,Queens,"54,732","26,092","28,640","10,417","7,443",39.9,"9,161","45,571","3,499","26,241",125.0,"9,152",71.0,"3,322","3,161",820,591,"1,270","1,286","1,696","2,492","2,436","3,099","1,194",654,"70,880","81,963","38,688","2,904","3,408","12,431","7,402","4,407","5,573","2,563","6,312","8,136"
123,NTA2010,Queensboro Hill,QN62,Queens,"21,460","10,667","10,793","4,039","3,128",39.9,"3,615","17,845","2,985",306,37.0,"14,198",0.0,6,313,396,203,627,679,717,"1,336",723,834,310,224,"55,740","69,947","15,504","2,571","2,063","4,570","1,614","1,033","2,248","1,405","4,634","3,653"
124,NTA2010,Queensbridge-Ravenswood-Long Island City,QN68,Queens,"18,927","9,084","9,843","3,527","2,023",35.6,"7,364","11,563","3,181","3,871",94.0,"3,707",38.0,199,473,"1,353",992,"1,216",808,914,927,666,510,215,204,"28,870","49,300","13,232","1,716","1,546","3,967","1,965",737,"2,332",969,"3,262","3,301"
125,NTA2010,Rego Park,QN18,Queens,"28,106","13,170","14,936","4,409","5,377",44.3,"4,896","23,210","12,501",949,39.0,"9,008",0.0,96,617,"1,213",478,"1,299",979,"1,563","1,844","1,576","1,858",913,537,"57,539","74,753","21,975","1,330","1,018","4,595","2,729","1,535","6,611","4,157","2,348","10,768"
126,NTA2010,Richmond Hill,QN54,Queens,"68,275","34,282","33,993","15,878","6,496",34.4,"24,995","43,280","6,813","5,333",432.0,"21,241",0.0,"6,804","2,657","1,101",656,"1,562","1,537","2,331","3,601","2,447","2,477","1,080",681,"60,779","75,506","44,763","7,335","5,146","13,702","6,030","2,823","7,067","2,660","12,481","9,727"
127,NTA2010,Ridgewood,QN20,Queens,"72,964","35,907","37,057","16,753","6,127",33.7,"35,051","37,913","29,940","1,274",38.0,"5,810",0.0,268,583,"2,249","1,062","2,482","2,062","3,203","4,043","3,522","3,736","1,104",735,"55,788","69,489","48,452","5,863","3,818","15,487","8,501","3,131","7,823","3,829","9,681","11,652"
128,NTA2010,Rosedale,QN05,Queens,"27,462","12,398","15,064","6,235","2,862",35.7,"2,316","25,146","1,031","23,124",15.0,457,0.0,114,405,253,133,406,463,686,"1,283","1,278","1,617",994,506,"86,452","96,902","18,371",731,"1,449","5,144","4,274","1,848","3,151","1,774","2,180","4,925"
129,NTA2010,South Jamaica,QN01,Queens,"41,606","19,779","21,827","10,899","4,241",33.6,"7,389","34,217",163,"27,053",56.0,"2,781",0.0,"3,321",843,"1,108",750,"1,394","1,224","1,843","2,030","1,447","1,678",433,259,"48,375","63,738","26,097","2,594","2,906","9,189","4,955","2,264","2,879","1,310","5,500","4,189"
130,NTA2010,South Ozone Park,QN55,Queens,"85,411","42,136","43,275","18,459","8,906",37.0,"18,821","66,590","4,553","18,923",758.0,"22,174",73.0,"15,095","5,014","1,219",755,"1,957","1,954","2,988","4,095","2,844","3,747","1,410","1,136","62,651","79,339","57,489","7,759","7,303","19,127","9,315","3,750","7,856","2,379","15,062","10,235"
131,NTA2010,Springfield Gardens North,QN02,Queens,"27,577","11,179","16,398","6,037","4,357",39.0,"1,858","25,719",290,"24,482",0.0,606,0.0,120,221,642,378,972,"1,238","1,704","1,978","1,409","1,543",432,168,"53,006","64,767","19,045",904,"1,533","5,822","4,215","1,688","3,476","1,407","2,437","4,883"
132,NTA2010,Springfield Gardens South-Brookville,QN03,Queens,"21,900","9,385","12,515","5,334","2,536",34.2,"1,560","20,340",435,"18,930",0.0,273,66.0,283,353,185,224,255,406,689,"1,202","1,019","1,142",565,255,"75,244","87,089","13,987",623,"1,335","4,042","3,734",896,"2,108","1,249","1,958","3,357"
133,NTA2010,St. Albans,QN08,Queens,"54,626","25,068","29,558","12,614","7,175",38.0,"3,724","50,902",580,"47,742",185.0,829,49.0,202,"1,315",645,615,"1,137","1,160","1,771","2,972","2,553","3,085","1,135",644,"71,487","83,969","36,290","1,960","2,449","11,396","8,623","3,645","5,163","3,054","4,409","8,217"
134,NTA2010,Steinway,QN72,Queens,"48,179","23,909","24,270","7,053","6,156",35.6,"10,184","37,995","30,027",846,92.0,"5,986",0.0,65,979,"1,065",689,"1,524","1,763","2,390","3,938","2,345","3,587","1,330","1,084","64,259","86,460","36,920","2,983","2,181","7,683","4,503","2,544","11,052","5,974","5,164","17,026"
135,NTA2010,Whitestone,QN49,Queens,"31,090","15,206","15,884","6,293","6,533",43.7,"4,431","26,659","19,142",170,55.0,"6,570",0.0,164,558,337,351,895,682,975,"2,053","1,393","2,377","1,208",823,"79,557","98,714","22,768","1,858","1,221","6,239","3,513","1,718","5,141","3,078","3,079","8,219"
136,NTA2010,Woodhaven,QN53,Queens,"62,821","30,752","32,069","14,595","6,375",35.5,"33,923","28,898","9,801","2,169",133.0,"15,003",48.0,484,"1,260",939,569,"1,606","1,510","2,074","3,302","2,456","2,966","1,100",802,"64,408","79,620","41,131","5,768","4,084","12,519","6,344","3,315","6,520","2,581","9,852","9,101"
137,NTA2010,Woodside,QN63,Queens,"45,702","23,401","22,301","8,852","6,341",38.1,"16,065","29,637","10,245",400,26.0,"18,007",0.0,105,854,"1,002",589,"1,556","1,981","2,681","3,226","1,906","1,871",585,625,"51,485","67,859","33,363","4,443","3,069","9,211","3,835","2,292","7,145","3,368","7,512","10,513"
138,NTA2010,Annadale-Huguenot-Prince's Bay-Eltingville,SI01,Staten Island,"28,698","14,069","14,629","5,927","4,948",42.8,"2,025","26,673","25,446",145,30.0,912,15.0,0,125,373,184,554,556,974,"1,427","1,312","2,265","1,139","1,226","92,853","111,603","20,340",592,932,"6,659","3,908","1,392","4,231","2,626","1,524","6,857"
139,NTA2010,Arden Heights,SI48,Staten Island,"26,482","13,082","13,400","5,927","3,647",40.0,"3,353","23,129","20,642",394,14.0,"1,730",12.0,61,276,414,227,410,503,892,"1,674","1,126","2,179",959,711,"84,490","101,280","18,338",562,866,"5,611","3,702","1,420","4,021","2,156","1,428","6,177"
140,NTA2010,Charleston-Richmond Valley-Tottenville,SI11,Staten Island,"24,794","12,202","12,592","6,311","2,844",38.1,"2,392","22,402","20,473",227,63.0,"1,206",0.0,0,433,172,356,624,315,800,"1,232","1,201","1,515",820,"1,082","86,645","110,587","16,463",540,791,"4,986","3,054","1,709","3,700","1,683","1,331","5,383"
141,NTA2010,Grasmere-Arrochar-Ft. Wadsworth,SI14,Staten Island,"15,896","7,362","8,534","3,580","2,223",40.0,"2,339","13,557","10,182",951,9.0,"2,019",0.0,130,266,535,277,355,368,628,695,858,"1,138",430,385,"74,103","87,520","10,967",656,618,"2,958","1,636",881,"2,490","1,728","1,274","4,218"
142,NTA2010,Great Kills,SI54,Staten Island,"43,602","21,261","22,341","8,877","7,128",42.4,"3,829","39,773","36,834",91,73.0,"2,422",0.0,0,353,500,508,904,966,"1,122","2,245","2,341","3,807","1,985","1,139","91,161","101,281","31,109",881,"1,375","10,523","5,828","2,480","6,086","3,936","2,256","10,022"
143,NTA2010,Grymes Hill-Clifton-Fox Hills,SI08,Staten Island,"21,636","10,048","11,588","5,239","2,479",33.5,"5,959","15,677","6,239","6,602",207.0,"2,085",0.0,39,505,"1,288",313,541,561,749,"1,273",745,"1,238",400,502,"55,814","74,425","13,354",859,"1,166","3,388","2,428","1,103","2,482","1,928","2,025","4,410"
144,NTA2010,Mariner's Harbor-Arlington-Port Ivory-Graniteville,SI12,Staten Island,"29,956","14,216","15,740","7,775","2,956",33.1,"10,374","19,582","6,913","9,054",0.0,"3,039",0.0,112,464,"1,753",421,714,658,882,"1,623","1,473","1,612",608,296,"59,106","68,202","18,728",995,"2,292","5,417","3,656","1,591","3,145","1,632","3,287","4,777"
145,NTA2010,New Brighton-Silver Lake,SI35,Staten Island,"18,083","9,327","8,756","4,397","2,365",39.4,"5,219","12,864","9,883","1,754",0.0,840,0.0,0,387,506,109,419,541,656,938,578,"1,211",605,573,"72,283","96,088","12,171",943,516,"3,274","2,165",859,"2,230","2,184","1,459","4,414"
146,NTA2010,New Dorp-Midland Beach,SI45,Staten Island,"21,358","10,367","10,991","4,621","3,179",40.1,"3,043","18,315","16,380",208,0.0,"1,582",0.0,7,138,397,387,562,541,759,"1,070","1,081","1,449",896,520,"77,658","92,357","15,021",389,933,"5,176","2,935",964,"2,914","1,710","1,322","4,624"
147,NTA2010,New Springville-Bloomfield-Travis,SI05,Staten Island,"40,907","19,502","21,405","8,873","6,862",41.6,"5,771","35,136","25,847","2,096",15.0,"6,211",156.0,130,681,874,567,894,910,"1,255","2,296","1,801","2,551","1,445","1,161","76,123","93,531","28,723","1,191","1,956","9,560","4,991","2,303","5,204","3,518","3,147","8,722"
148,NTA2010,Oakwood-Oakwood Beach,SI25,Staten Island,"20,618","9,333","11,285","3,785","4,345",45.5,"2,500","18,118","16,952",544,0.0,448,0.0,67,107,433,325,834,565,611,"1,200",997,"1,592",743,687,"75,638","94,894","14,987",539,752,"5,263","2,668","1,176","2,535","2,054","1,291","4,589"
149,NTA2010,Old Town-Dongan Hills-South Beach,SI36,Staten Island,"24,927","11,772","13,155","4,815","3,735",40.7,"3,969","20,958","17,312","1,107",49.0,"2,118",0.0,31,341,707,376,785,785,762,"1,470",930,"1,672",669,405,"65,994","78,779","17,645","1,010","1,357","6,147","2,847","1,508","2,840","1,936","2,367","4,776"
150,NTA2010,park-cemetery-etc-Staten Island,SI99,Staten Island,0,0,0,0,0,,0,0,0,0,0.0,0,0.0,0,0,0,0,0,0,0,0,0,0,0,0,,,0,0,0,0,0,0,0,0,0,0
151,NTA2010,Port Richmond,SI28,Staten Island,"19,141","9,770","9,371","4,197","2,350",34.4,"6,674","12,467","7,691","2,908",15.0,"1,203",2.0,245,403,832,190,491,647,635,807,841,966,663,288,"62,339","76,264","12,918",567,"1,125","4,962","2,487",946,"1,770","1,061","1,692","2,831"
152,NTA2010,Rossville-Woodrow,SI32,Staten Island,"21,397","10,470","10,927","4,811","2,998",40.5,"1,990","19,407","18,050",18,17.0,988,0.0,108,226,273,258,614,332,488,961,"1,075","1,668",923,843,"93,405","110,151","14,823",272,716,"4,447","3,057","1,531","2,711","2,089",988,"4,800"
153,NTA2010,Stapleton-Rosebank,SI37,Staten Island,"26,247","12,912","13,335","6,092","3,239",36.0,"8,511","17,736","9,594","5,081",19.0,"2,301",0.0,163,578,"1,052",455,"1,191",891,915,"1,294","1,235","1,329",573,382,"53,120","70,987","17,828","1,966","1,741","5,508","2,923","1,082","2,841","1,767","3,707","4,608"
154,NTA2010,Todt Hill-Emerson Hill-Heartland Village-Lighthouse Hill,SI24,Staten Island,"32,276","15,561","16,715","6,443","6,052",43.8,"3,323","28,953","22,789",700,0.0,"4,981",12.0,44,427,558,335,871,770,"1,119","1,726","1,264","2,408","1,115","1,437","83,355","117,984","23,241","1,172","1,204","7,071","3,625","1,728","4,577","3,864","2,376","8,441"
155,NTA2010,West New Brighton-New Brighton-St. George,SI22,Staten Island,"33,175","15,887","17,288","9,034","3,645",35.0,"10,090","23,085","7,818","11,829",52.0,"1,914",0.0,144,"1,328","1,830",728,"1,265",857,"1,468","1,752","1,318","1,586",851,419,"48,899","67,064","20,844","1,226","2,084","6,117","3,792","1,645","3,703","2,277","3,310","5,980"
156,NTA2010,Westerleigh,SI07,Staten Island,"24,131","11,954","12,177","5,124","3,812",40.9,"3,758","20,373","17,293",861,0.0,"1,580",0.0,274,365,782,199,659,442,740,"1,486","1,255","1,743",851,910,"79,491","97,239","16,840",441,838,"4,930","3,033","1,515","3,195","2,888","1,279","6,083"
157,NTA2010,Allerton-Pelham Gardens,BX31,The Bronx,"32,450","15,235","17,215","6,824","5,659",40.7,"11,096","21,354","7,178","10,659",0.0,"2,648",0.0,456,413,667,319,931,829,"1,108","1,824","1,173","1,433",627,508,"59,992","78,914","22,699","2,752","2,145","6,041","3,734","2,162","3,406","2,459","4,897","5,865"
158,NTA2010,Bedford Park-Fordham North,BX05,The Bronx,"55,995","26,934","29,061","15,006","4,347",31.7,"40,184","15,811","3,237","9,285",59.0,"2,133",69.0,342,686,"3,175","1,944","2,736","2,100","2,687","3,313","1,821","1,127",265,196,"33,643","46,892","34,490","5,897","5,127","9,913","6,399","2,247","3,606","1,301","11,024","4,907"
159,NTA2010,Belmont,BX06,The Bronx,"29,372","14,071","15,301","8,177","1,865",25.1,"18,281","11,091","5,706","4,359",0.0,553,0.0,148,325,"1,959",926,"1,718","1,326","1,231","1,025",306,511,77,37,"24,727","35,447","14,740","2,524","2,423","4,144","2,826",671,"1,329",823,"4,947","2,152"
160,NTA2010,Bronxdale,BX07,The Bronx,"37,595","18,693","18,902","8,630","4,974",35.4,"21,093","16,502","4,241","10,019",61.0,"1,221",0.0,420,540,"2,259","1,399","1,861","1,314","1,953","2,186","1,451","1,014",310,33,"35,431","46,315","25,133","3,623","3,623","7,189","4,366","2,006","2,837","1,489","7,246","4,326"
161,NTA2010,Claremont-Bathgate,BX01,The Bronx,"34,815","15,895","18,920","11,999","2,543",27.4,"20,330","14,485",400,"13,757",75.0,15,0.0,132,106,"2,752","1,599","1,779","1,253","1,318","1,275",433,367,67,0,"21,369","30,997","18,750","3,196","3,650","4,919","3,657","1,143","1,725",460,"6,846","2,185"
162,NTA2010,Co-op City,BX13,The Bronx,"48,541","20,806","27,735","8,656","10,685",45.3,"13,575","34,966","3,418","29,521",119.0,566,0.0,794,548,"1,355","1,398","1,718","2,599","3,536","3,445","2,168","2,203",768,245,"46,492","58,997","34,752","2,663","2,473","9,877","8,039","2,816","5,349","3,535","5,136","8,884"
163,NTA2010,Crotona Park East,BX75,The Bronx,"21,745","9,555","12,190","6,040","1,969",31.3,"14,777","6,968",206,"6,319",0.0,240,0.0,163,40,"2,084",888,979,847,943,948,327,303,162,52,"22,538","38,335","13,458","2,587","2,363","3,543","2,434",639,"1,562",330,"4,950","1,892"
164,NTA2010,East Concourse-Concourse Village,BX14,The Bronx,"64,516","29,696","34,820","17,479","6,969",32.3,"38,260","26,256","1,009","22,323",432.0,"1,601",0.0,320,571,"4,075","2,330","3,435","3,056","2,850","3,319","1,538","1,137",210,230,"28,772","42,894","39,380","7,835","6,144","9,882","7,148","2,002","4,515","1,854","13,979","6,369"
165,NTA2010,East Tremont,BX17,The Bronx,"44,510","20,577","23,933","13,105","4,516",30.1,"30,476","14,034",681,"12,728",0.0,358,0.0,126,141,"3,579","1,922","2,504","1,779","1,745","1,745",858,444,103,100,"22,130","34,080","25,961","4,887","5,638","6,394","4,552","1,441","2,296",753,"10,525","3,049"
166,NTA2010,Eastchester-Edenwald-Baychester,BX03,The Bronx,"35,172","15,564","19,608","8,117","4,253",35.2,"8,536","26,636","1,242","23,328",228.0,"1,086",88.0,44,620,"1,111",691,"1,046","1,291","1,570","2,010","1,451","1,405",582,290,"50,231","64,343","22,511","2,138","2,096","6,143","4,167","2,523","3,595","1,849","4,234","5,444"
167,NTA2010,Fordham South,BX40,The Bronx,"28,434","13,771","14,663","8,622","1,818",28.2,"20,613","7,821",340,"7,092",44.0,120,0.0,44,181,"1,897",909,"1,814","1,036","1,077",961,693,365,83,95,"23,992","37,885","16,007","2,845","3,088","4,657","2,603","1,017","1,310",487,"5,933","1,797"
168,NTA2010,Highbridge,BX26,The Bronx,"39,144","17,311","21,833","12,034","2,975",30.6,"25,647","13,497",664,"12,517",30.0,112,0.0,131,43,"2,462","1,517","2,392","1,493","1,664","1,768","1,063",681,83,119,"26,281","39,092","22,723","3,784","4,212","6,115","4,006","1,583","2,416",607,"7,996","3,023"
169,NTA2010,Hunts Point,BX27,The Bronx,"26,531","12,876","13,655","7,580","2,413",30.1,"19,396","7,135",263,"6,513",50.0,174,0.0,57,78,"2,076","1,069","1,328","1,077","1,226",926,381,284,37,41,"22,679","33,441","15,489","3,586","2,585","4,102","2,410","1,287","1,173",346,"6,171","1,519"
170,NTA2010,Kingsbridge Heights,BX30,The Bronx,"31,294","14,904","16,390","7,626","3,370",33.3,"23,479","7,815","1,299","4,835",196.0,"1,068",0.0,103,314,"1,539","1,006","1,865","1,253","1,718","1,661",945,590,183,122,"32,458","44,583","20,263","3,637","3,221","5,466","3,295","1,193","2,589",862,"6,858","3,451"
171,NTA2010,Longwood,BX33,The Bronx,"28,961","14,241","14,720","8,617","2,521",30.5,"21,561","7,400",330,"6,348",39.0,408,13.0,94,168,"2,178","1,120","1,183","1,077","1,142","1,250",569,405,46,70,"25,381","36,239","17,272","3,512","3,520","4,442","2,877","1,028","1,382",511,"7,032","1,893"
172,NTA2010,Melrose South-Mott Haven North,BX34,The Bronx,"43,244","19,941","23,303","13,699","3,663",28.4,"27,262","15,982",628,"14,211",179.0,261,153.0,252,298,"3,148","1,983","2,073","2,033","1,960","1,424",708,556,165,243,"24,693","39,830","24,282","4,838","4,352","6,647","4,100","1,409","1,963",973,"9,190","2,936"
173,NTA2010,Morrisania-Melrose,BX35,The Bronx,"39,939","18,955","20,984","11,007","3,339",31.6,"24,309","15,630",589,"14,149",145.0,209,0.0,113,425,"2,537","1,469","2,374","1,668","1,887","1,872",900,798,100,131,"27,931","40,974","24,396","4,140","3,886","6,847","4,510","1,638","2,452",923,"8,026","3,375"
174,NTA2010,Mott Haven-Port Morris,BX39,The Bronx,"55,080","26,262","28,818","17,134","4,585",28.9,"39,533","15,547",836,"13,870",208.0,320,0.0,89,224,"4,642","2,227","3,535","2,092","2,214","1,851",978,617,240,84,"21,469","33,368","30,750","7,037","6,027","8,327","5,030","1,585","2,161",583,"13,064","2,744"
175,NTA2010,Mount Hope,BX41,The Bronx,"52,973","24,875","28,098","14,686","3,985",30.4,"36,161","16,812",809,"14,155",86.0,923,22.0,269,548,"2,762","2,446","3,009","1,949","2,727","2,419","1,039",527,189,68,"26,762","37,552","31,640","6,198","5,108","8,971","5,025","1,838","2,974","1,526","11,306","4,500"
176,NTA2010,North Riverdale-Fieldston-Riverdale,BX22,The Bronx,"27,145","12,758","14,387","5,161","6,025",41.7,"5,926","21,219","17,274","1,660",19.0,"1,792",0.0,62,412,520,332,612,599,"1,009","1,519","1,741","1,983",999,"1,370","85,783","114,400","19,052",770,787,"2,792","2,610",942,"4,965","6,186","1,557","11,151"
177,NTA2010,Norwood,BX43,The Bronx,"42,666","20,525","22,141","11,651","3,947",32.3,"26,850","15,816","4,087","5,853",32.0,"4,780",0.0,579,485,"2,392","1,125","2,325","1,909","2,180","2,528","1,008",787,241,168,"32,396","45,403","26,784","4,399","3,853","7,604","4,134","1,287","3,756","1,751","8,252","5,507"
178,NTA2010,park-cemetery-etc-Bronx,BX99,The Bronx,"1,777",896,881,408,150,34.3,"1,018",759,211,522,0.0,26,0.0,0,0,83,73,86,53,72,164,71,52,16,43,"47,979","58,098","1,183",146,109,239,270,86,218,115,255,333
179,NTA2010,Parkchester,BX46,The Bronx,"30,826","14,527","16,299","6,377","3,577",37.4,"11,741","19,085",617,"12,700",85.0,"4,790",0.0,238,655,"1,126",620,"1,230","1,377","1,940","2,856","1,722","1,483",254,81,"50,466","57,578","21,749","1,897","2,305","5,746","4,477","1,733","3,629","1,962","4,202","5,591"
180,NTA2010,Pelham Bay-Country Club-City Island,BX10,The Bronx,"26,172","12,068","14,104","4,472","5,466",44.9,"10,188","15,984","13,506",940,28.0,"1,349",0.0,22,139,553,753,"1,007","1,227",984,"1,963","1,514","1,941",704,489,"64,636","77,055","19,504","1,675","1,503","5,881","3,837","1,428","3,206","1,974","3,178","5,180"
181,NTA2010,Pelham Parkway,BX49,The Bronx,"29,947","13,810","16,137","6,249","3,918",35.7,"13,139","16,808","9,619","4,047",45.0,"2,776",0.0,23,298,"1,052",593,962,"1,130","1,551","2,090","1,361","1,478",597,511,"54,087","70,924","21,137","2,337","1,623","5,643","3,468","1,495","3,726","2,845","3,960","6,571"
182,NTA2010,Rikers Island,BX98,The Bronx,"7,503","6,994",509,267,33,32.0,"2,240","5,263",510,"4,496",14.0,135,0.0,34,74,0,0,0,0,0,0,0,0,0,0,,,"5,322",596,"2,545","1,382",682,41,35,41,"3,141",76
183,NTA2010,Schuylerville-Throgs Neck-Edgewater Park,BX52,The Bronx,"47,580","23,187","24,393","9,808","7,407",39.0,"21,588","25,992","18,892","4,396",52.0,"1,697",11.0,483,461,"1,293",933,"1,445",993,"1,664","2,488","2,324","3,281","1,084","1,022","69,686","83,834","32,410","2,518","3,056","10,041","5,873","2,794","4,909","3,219","5,574","8,128"
184,NTA2010,Soundview-Bruckner,BX55,The Bronx,"37,866","18,500","19,366","10,597","3,863",31.5,"23,469","14,397",941,"9,498",222.0,"2,441",0.0,498,797,"1,889","1,188","2,060","1,594","1,597","1,436",903,887,207,59,"29,638","43,345","23,225","4,627","4,028","5,851","4,473","1,499","1,986",761,"8,655","2,747"
185,NTA2010,Soundview-Castle Hill-Clason Point-Harding Park,BX09,The Bronx,"56,552","25,210","31,342","13,631","7,366",35.5,"34,288","22,264","1,345","19,112",30.0,999,0.0,351,427,"3,008","1,947","2,437","2,046","2,478","3,040","1,489","1,912",596,237,"35,771","50,523","36,194","4,214","5,283","10,795","7,040","3,289","3,943","1,630","9,497","5,573"
186,NTA2010,Spuyten Duyvil-Kingsbridge,BX29,The Bronx,"31,508","14,792","16,716","6,242","6,404",40.0,"12,297","19,211","13,851","2,910",0.0,"1,649",62.0,285,454,863,656,"1,098",746,"1,393","2,348","1,738","2,333",924,"1,072","68,776","94,681","23,202","1,452","1,590","4,159","3,549",999,"5,887","5,566","3,042","11,453"
187,NTA2010,University Heights-Morris Heights,BX36,The Bronx,"55,575","24,958","30,617","15,731","4,448",30.6,"37,471","18,104",585,"16,229",53.0,959,7.0,83,188,"4,620","2,379","3,045","2,101","2,606","2,197","1,081",584,324,135,"22,776","35,107","32,908","5,036","5,343","9,677","5,966","2,596","3,255","1,035","10,379","4,290"
188,NTA2010,Van Cortlandt Village,BX28,The Bronx,"51,157","24,341","26,816","12,147","5,746",34.3,"34,206","16,951","4,457","9,067",251.0,"2,273",0.0,261,642,"2,225","1,135","2,279","1,913","2,601","3,374","2,260","1,475",393,208,"42,564","53,106","33,368","4,639","4,479","8,862","6,007","2,100","4,590","2,691","9,118","7,281"
189,NTA2010,Van Nest-Morris Park-Westchester Square,BX37,The Bronx,"29,509","14,837","14,672","7,685","3,068",34.0,"15,483","14,026","7,212","3,156",13.0,"3,149",0.0,74,422,827,576,"1,279",999,"1,309","1,732",958,"1,194",396,160,"46,002","61,485","18,982","2,292","2,372","5,422","3,044","1,659","2,776","1,417","4,664","4,193"
190,NTA2010,West Concourse,BX63,The Bronx,"37,395","17,966","19,429","10,278","2,863",31.4,"26,440","10,955",710,"8,644",33.0,679,24.0,330,535,"2,460","1,622","2,170","1,714","1,713","1,872",849,525,70,100,"26,520","37,550","22,709","4,766","3,373","5,851","3,678","1,870","2,443",728,"8,139","3,171"
191,NTA2010,West Farms-Bronx River,BX08,The Bronx,"35,752","17,105","18,647","9,474","3,741",33.0,"23,099","12,653","1,182","8,977",21.0,"1,528",0.0,566,379,"2,134","1,211","1,856","1,570","1,587","1,698",932,660,182,35,"29,306","39,917","22,461","4,479","4,406","6,430","3,802","1,263","1,643",438,"8,885","2,081"
192,NTA2010,Westchester-Unionport,BX59,The Bronx,"28,437","13,282","15,155","6,766","3,407",34.0,"18,093","10,344","1,121","4,304",0.0,"3,612",0.0,706,601,"1,161",677,"1,064",994,986,"1,628","1,172",885,217,289,"43,412","57,590","18,262","2,778","1,975","5,675","3,087","1,362","2,358","1,027","4,753","3,385"
193,NTA2010,Williamsbridge-Olinville,BX44,The Bronx,"65,043","30,020","35,023","16,285","7,851",34.7,"16,401","48,642","1,526","45,020",222.0,784,59.0,456,575,"3,014","1,422","2,646","2,282","3,176","3,787","1,936","2,326",597,297,"40,791","53,405","41,360","3,889","5,208","12,837","8,134","3,552","5,361","2,379","9,097","7,740"
194,NTA2010,Woodlawn-Wakefield,BX62,The Bronx,"44,064","20,502","23,562","9,164","6,194",38.9,"7,687","36,377","7,179","26,165",12.0,"1,937",0.0,505,579,"1,242",994,"1,061","1,368","1,936","2,381","2,250","2,394",767,470,"57,189","70,825","30,643","2,525","2,789","9,668","4,843","2,411","5,939","2,468","5,314","8,407"
