,GeogName,Pop_1E,MaleEN,FemEN,PopUnd18N,PopOv65N,HispN,NotHispN,WhiteN,BlackN,NativeN,AsianN,PacificN,OtherRace1N,OtherRace2N,HHPop,HHINC_U10N,HHINC_10t14N,HHINC_15t24N,HHINC_25t34N,HHINC_35t49N,HHINC_50t74N,HHINC_75t99N,HHINC_100t149N,HHINC_150t199N,HHINC_200plN,Pop16yrsOver,Labor_forceN,CivilianLF,CLF_UnemployedN,PopOver25,EduOtherN,EduBachelor,EduGradProf,NTA,GardenCounts,HasGarden
0,Bedford,75318.0,0.48449241881090843,0.5155075811890916,0.29712684882763746,0.07721925701691494,0.19493348203616664,0.8050665179638333,0.3506067606681006,0.40582596457686076,0.0008762845534931889,0.030404418598475796,0.0,0.0019782787647043202,0.015374810802198678,26059.0,0.14094938408994973,0.08891361909513028,0.12989754019724473,0.09628151502360029,0.1198818066694808,0.1422157412026555,0.08707164511301278,0.10925208181434437,0.04585747726313366,0.03967918953144787,54904.0,0.6737760454611685,36960.0,0.12502705627705626,44766.0,0.6781932716793996,0.20435151677612473,0.11745521154447572,Bedford,23,1
1,Bensonhurst East,64267.0,0.4867661474784882,0.5132338525215118,0.19874896914435092,0.15726578181648435,0.12328255558840462,0.8767174444115954,0.46515318903947594,0.008262405277980923,0.0,0.3867925996234459,0.0,0.005414909673705012,0.011094340796987567,22187.0,0.10618830846892324,0.06368594221841618,0.12250416910803624,0.09848109253166269,0.11966466849957182,0.17568846621895703,0.11529273899130121,0.10889259476269887,0.05156172533465543,0.03804029386577726,52857.0,0.6054827175208581,31983.0,0.08520151330394272,46010.0,0.6981525755270593,0.20456422516844164,0.09728319930449902,Bensonhurst East,1,1
2,Bensonhurst West,91646.0,0.4872116622656744,0.5127883377343255,0.21046199506797897,0.1426248827008271,0.14597472884795845,0.8540252711520415,0.42677258145472796,0.00874015232525151,0.0012111821574318574,0.4051677105383759,0.0,0.0034807847587456082,0.008652859917508676,29909.0,0.07790297234946003,0.058377077133973054,0.11310976629108295,0.10852920525594302,0.13494265940018055,0.17108562640008024,0.11461433013474205,0.12514627704035575,0.05513390618208566,0.04115817981209669,74470.0,0.6155767423123405,45833.0,0.08834246067244125,65016.0,0.7376184323858742,0.18879968007874984,0.07358188753537591,Bensonhurst West,2,1
3,Borough Park,105913.0,0.5101545608187852,0.48984543918121476,0.3934455638118078,0.101460632783511,0.09672089356358521,0.9032791064364148,0.757130852680974,0.008931859167429872,0.0013218396230868731,0.12853946163360494,0.0,0.0015295572781433818,0.00582553605317572,27422.0,0.08051929108015463,0.09590839471956823,0.16844139741813144,0.13963241193202539,0.12551965575085697,0.14178396907592444,0.08099336299321712,0.10032091021807309,0.035664794690394575,0.031215812121654148,67904.0,0.5748262252591895,39033.0,0.057310480875156916,54026.0,0.8118683596786732,0.11113167734053973,0.07699996298078703,Borough Park,2,1
4,Brownsville,60124.0,0.4162397711396447,0.5837602288603553,0.27627902335173976,0.1055817976182556,0.20314682988490454,0.7968531701150955,0.01230789701284013,0.7574180027942252,0.002760960681258732,0.016016898409952764,0.0,0.0025114762823498105,0.005837934934468765,21552.0,0.26368782479584263,0.10087230883444692,0.14142538975501115,0.10801781737193764,0.1425853749072012,0.12184484038604305,0.05911284335560505,0.047280994803266516,0.008398292501855977,0.006774313288789903,45400.0,0.5170484581497797,23474.0,0.1525517593933714,37310.0,0.8882873224336639,0.08193513803269901,0.029777539533637095,Brownsville,10,1
5,Bushwick North,60834.0,0.5099944110201532,0.4900055889798468,0.2280796922773449,0.06322122497287701,0.6742446658118815,0.3257553341881185,0.15208600453693658,0.09221816747213729,0.0005917743367195976,0.06568695137587534,0.0,0.003254758851957787,0.011917677614491896,19207.0,0.11193835580777842,0.06737127089082105,0.12703701775394388,0.08887384807622221,0.1337533191024106,0.1672306971416671,0.10438902483469568,0.13104597282240849,0.04300515437080231,0.025355339199250274,48546.0,0.7249824908334364,35195.0,0.12626793578633327,38677.0,0.7661917935724074,0.1748584430023011,0.05894976342529152,Bushwick North,2,1
6,Bushwick South,75003.0,0.4898870711838193,0.5101129288161806,0.2132048051411277,0.09992933615988694,0.5490713704785142,0.4509286295214858,0.14510086263216138,0.2561897524099036,0.0017065984027305574,0.034118635254589816,0.0,0.002279908803647854,0.011532872018452595,26256.0,0.1640386959171237,0.08565661182205972,0.12138177940280317,0.08679920780012187,0.12370505789152955,0.16289609993906154,0.09773004265691651,0.10496648385131017,0.02909811090798294,0.023727909811090797,60916.0,0.6657528399763609,40555.0,0.12782640858093947,49208.0,0.7587384165176394,0.18251097382539425,0.058750609656966345,Bushwick South,16,1
7,Canarsie,88367.0,0.439847454366449,0.560152545633551,0.22750574309414148,0.11686489300304412,0.06186698654475087,0.9381330134552491,0.045808955831928205,0.8474317335656976,0.0037457421888261455,0.028392952120135345,0.0,0.0037231093055099754,0.009030520443151856,28677.0,0.0805523590333717,0.04536736757680371,0.0849809952226523,0.08086619939324197,0.12166544617637828,0.1680789482860829,0.15071311503992746,0.16138368727551697,0.06642954283920913,0.03996233915681557,70724.0,0.6643289406707765,46931.0,0.084698813151222,58981.0,0.7404587918143131,0.1710042216985131,0.08853698648717384,Canarsie,1,1
8,Carroll Gardens-Columbia Street-Red Hook,42463.0,0.472246426300544,0.527753573699456,0.20332995784565386,0.10686950992628877,0.18927065916209407,0.8107293408379059,0.6071167840237384,0.10908320184631326,0.0,0.05324635565080187,0.0,0.006052327909003132,0.03523067140804936,18111.0,0.1097675445861631,0.03837446855502181,0.05902490199326376,0.04731930870741538,0.06272431119209321,0.11771851361051294,0.09706808017227099,0.1499641102092651,0.11059577052619955,0.20744299044779416,34479.0,0.7231938281272658,24929.0,0.08187251795098079,31675.0,0.37458563535911604,0.31485398579321233,0.3105603788476717,Carroll Gardens-Columbia Street-Red Hook,6,1
9,Clinton Hill,38655.0,0.4692795239943086,0.5307204760056914,0.1863665761221058,0.09838313284180572,0.11012805587892899,0.8898719441210711,0.401190014228431,0.381891087828224,0.0003104384943733023,0.06348467209934032,0.0004397878670288449,0.004268529297632906,0.038287414306040615,15797.0,0.08596568968791543,0.048996644932582135,0.06868392732797367,0.06659492308666203,0.09096663923529784,0.15028169905678293,0.14065961891498385,0.1678166740520352,0.09020700132936633,0.08982718237640058,31989.0,0.7136515677264059,22829.0,0.07928511980375838,26710.0,0.4324223137401722,0.3281168101834519,0.2394608760763759,Clinton Hill,6,1
10,Crown Heights North,107134.0,0.4499131928239401,0.5500868071760598,0.20577034368174435,0.10677282655366177,0.12308884201093957,0.8769111579890604,0.15730767076745011,0.65915582354808,0.002230851083689585,0.0304478503556294,0.0,0.005311105718072694,0.022457856516138668,43221.0,0.15119964831910415,0.07727724948520395,0.12343536706693506,0.10034473982554777,0.12248675412415261,0.161194789569885,0.09414405034589667,0.10712385183128571,0.03452025635686356,0.02827329307512552,87976.0,0.6394243884695826,56214.0,0.09333973743195645,73312.0,0.6839262330859887,0.19597064600611086,0.12010312090790048,Crown Heights North,19,1
11,DUMBO-Vinegar Hill-Downtown Brooklyn-Boerum Hill,42245.0,0.48126405491774177,0.5187359450822583,0.17663628831814415,0.08966741626227956,0.20572848857853002,0.79427151142147,0.4484317670730264,0.19476861167002013,0.00021304296366433898,0.11087702686708487,0.0004497573677358267,0.007551189489880459,0.031980115990058,17585.0,0.08615297128234291,0.04970145009951663,0.07989764003411999,0.04839351720216093,0.06391811202729598,0.1001421666192778,0.09183963605345465,0.16286607904464032,0.1046914984361672,0.2123969292010236,35416.0,0.7125592952337927,25220.0,0.08790642347343379,31717.0,0.4010782860926317,0.3191033199861273,0.27981839392124097,DUMBO-Vinegar Hill-Downtown Brooklyn-Boerum Hill,5,1
12,East Flatbush-Farragut,53535.0,0.4295320818156346,0.5704679181843654,0.21727841598953956,0.154627813579901,0.06524703465022882,0.9347529653497711,0.016605958718595312,0.8838516858130195,0.00016811431773606052,0.016755393667694032,0.0,0.004258896049313533,0.01311291678341272,18556.0,0.07286053028669973,0.05469928863979306,0.09026729898685061,0.11090752317309766,0.1423259323129985,0.19476180211252425,0.14372709635697348,0.13424229359775813,0.032819573183875836,0.023388661349428755,43376.0,0.6267751752120989,27181.0,0.08171148964350097,37056.0,0.760146804835924,0.15579123488773747,0.08406196027633851,East Flatbush-Farragut,3,1
13,East New York,94448.0,0.45229120786040994,0.54770879213959,0.2754955107572421,0.09517406403523632,0.2697992546162968,0.7302007453837032,0.01712053193291547,0.6615915636117229,0.00048704048788751484,0.028650686091817718,0.0009740809757750297,0.008819667965441301,0.012557174318143316,32744.0,0.18855362814561447,0.07286831175177132,0.12371732225751282,0.10661495235768385,0.13697165892988028,0.147599560224774,0.09583435133154165,0.08575616906914243,0.025134375763498657,0.016949670168580504,71139.0,0.5776437678348023,41057.0,0.11284312053973744,58164.0,0.8524688810948353,0.10642321711024001,0.0411079017949247,East New York,36,1
14,East New York (Pennsylvania Ave),29447.0,0.44367847318911946,0.5563215268108805,0.29045403606479436,0.07715556762997929,0.23476075661357693,0.765239243386423,0.019017217373586442,0.7278839949740211,0.0027846639725608723,0.006723944714232349,0.00013583726695418888,0.0034638503073318163,0.005229734777736272,10079.0,0.25895426133544996,0.07332076594900287,0.11806726857823197,0.09752951681714456,0.11786883619406688,0.14386347851969442,0.0791745212818732,0.07074114495485663,0.03343585673181863,0.007044349637860899,21926.0,0.5744321809723616,12595.0,0.15664946407304486,17552.0,0.8909525979945305,0.07811075660893345,0.030936645396536008,East New York (Pennsylvania Ave),13,1
15,East Williamsburg,35985.0,0.4841461720161178,0.5158538279838821,0.13177712935945532,0.1263304154508823,0.2976517993608448,0.7023482006391552,0.4413505627344727,0.08684173961372794,0.005002084201750729,0.1538974572738641,0.0008058913436153953,0.005252188411838266,0.009198277059886064,15964.0,0.09070408418942622,0.0712227511901779,0.12860185417188674,0.0829366073665748,0.10473565522425457,0.13499123026810322,0.11356802806314208,0.14056627411676273,0.0640190428464044,0.06865447256326736,31807.0,0.6897852673939698,21940.0,0.07985414767547858,27475.0,0.5806733393994541,0.3036214740673339,0.11570518653321202,East Williamsburg,7,1
16,Erasmus,29149.0,0.43881436755977904,0.5611856324402209,0.24831040515969674,0.12635081820988714,0.09753336306562832,0.9024666369343717,0.04219698788980754,0.8224638924148341,0.0005832104017290473,0.015403615904490721,0.0,0.0016810182167484305,0.02013791210676181,10053.0,0.11339898537749925,0.056102655923604895,0.10733114493186113,0.12384362876753208,0.15328757584800556,0.17238635233263702,0.12752412215259126,0.09370337212772306,0.03133393017009848,0.02108823236844723,22701.0,0.624377780714506,14174.0,0.10088895160152392,19184.0,0.7900854879065888,0.1423582151793161,0.06755629691409508,Erasmus,3,1
17,Flatbush,108653.0,0.46279440052276516,0.5372055994772349,0.24231268349700422,0.10770066173966665,0.18949315711485187,0.8105068428851482,0.22419077245911295,0.4515936053307318,0.0005614203013262404,0.10242699235179885,0.00010123972646866631,0.008964317598225543,0.0226684951174841,38418.0,0.09516372533708158,0.053126138789109274,0.11525847259097298,0.11736685928471029,0.12772658649591337,0.19110833463480661,0.11734082981935551,0.10549742308292988,0.04044978916133063,0.03696184080378989,84948.0,0.6488439986815464,55109.0,0.08504962891723675,71629.0,0.6652473160312165,0.20426084407153527,0.13049183989724833,Flatbush,2,1
18,Flatlands,72540.0,0.46108354011579816,0.5389164598842018,0.2287289771160739,0.13331954783567687,0.085456299972429,0.914543700027571,0.15795423214778054,0.6980011028398125,0.0005652054039150813,0.04146677695064792,0.00015164047422111938,0.003970223325062035,0.01243451888613179,23073.0,0.055996186018289776,0.03770641008971525,0.07016859532787241,0.07385255493433884,0.12603475924240454,0.17596324708533784,0.15433623716031725,0.1762232912928531,0.0741992805443592,0.05551943830451177,58241.0,0.644545938428255,37530.0,0.09904076738609113,48562.0,0.6900457147563939,0.19336106420658128,0.11659322103702484,Flatlands,1,1
19,Fort Greene,30288.0,0.450013206550449,0.5499867934495509,0.18132593766508187,0.12562731114632858,0.2140121500264131,0.785987849973587,0.281959852086635,0.3705097728473323,0.000627311146328579,0.09696909667194929,0.0,0.0027403592181722133,0.03318145800316957,12494.0,0.10837201856891308,0.05914839122778934,0.0924443732991836,0.08267968624939971,0.10533055866816071,0.12726108532095406,0.12061789659036337,0.11789659036337442,0.07411557547622859,0.1121338242356331,25298.0,0.65404379792869,16546.0,0.10244167774688746,21722.0,0.5189669459534113,0.24555749930945586,0.23547555473713286,Fort Greene,5,1
20,Kensington-Ocean Parkway,37676.0,0.49522242276250134,0.5047775772374987,0.2770463955833953,0.10640726191740099,0.16073893194606645,0.8392610680539335,0.49782354814736174,0.07118590083873022,0.000822804968680327,0.22337827794882684,0.0,0.0056269243019428814,0.04042361184839155,12171.0,0.08692794347218799,0.054555911593131216,0.12250431353216662,0.10032043381809219,0.10886533563388383,0.17040506121107551,0.13408922849396104,0.12981677758606525,0.05447374907567168,0.038041245583764684,28137.0,0.628496286029072,17684.0,0.06497398778556887,23846.0,0.5979619223349828,0.2350079677933406,0.1670301098716766,Kensington-Ocean Parkway,1,1
21,North Side-South Side,54330.0,0.5033683048039757,0.4966316951960243,0.1778023191606847,0.06922510583471378,0.3488312166390576,0.6511687833609424,0.5258788882753543,0.02909994478188846,0.0,0.07047671636296705,0.0005153690410454629,0.0039572979937419475,0.02124056690594515,23134.0,0.08506959453618052,0.05835566698366041,0.06838419642085243,0.07871531079795971,0.09764848275265843,0.12055848534624362,0.11169706924872481,0.15358347021699661,0.09475231261346935,0.1312354110832541,45544.0,0.7501756543123134,34166.0,0.05856699642919862,40554.0,0.444148542683829,0.3599891502687774,0.1958623070473936,North Side-South Side,7,1
22,Ocean Hill,34025.0,0.4542836149889787,0.5457163850110213,0.27811903012490813,0.10489346069066863,0.20358559882439384,0.7964144011756061,0.03850110213078619,0.727582659808964,0.000852314474650992,0.018750918442321823,0.0,0.0019397501836884645,0.00878765613519471,12625.0,0.16665346534653466,0.09100990099009901,0.1295049504950495,0.1078019801980198,0.13996039603960397,0.1756039603960396,0.08435643564356436,0.06257425742574257,0.02518811881188119,0.017346534653465348,25716.0,0.582944470368642,14991.0,0.10226135681408845,20948.0,0.8119629558907772,0.1388676723314875,0.049169371777735345,Ocean Hill,11,1
23,Park Slope-Gowanus,73881.0,0.481152123008622,0.518847876991378,0.1964645849406478,0.09045627427890797,0.16670050486593305,0.833299495134067,0.6691300875732596,0.04412501184336974,0.001583627725666951,0.07007214304083594,0.0,0.006077340588243256,0.042311284362691354,31147.0,0.03843066748001413,0.023084085144636723,0.03242687899316146,0.03538061450540983,0.07297653064500594,0.11821363213150544,0.11946575914213246,0.18868590875525731,0.13205124088997336,0.23928468231290334,60537.0,0.7858004195781093,47538.0,0.04718330598678951,55408.0,0.24346664741553567,0.35973144672249496,0.3968019058619694,Park Slope-Gowanus,11,1
24,Prospect Heights,20493.0,0.4866539794076026,0.5133460205923974,0.1609817986629581,0.1027180012687259,0.1143317230273752,0.8856682769726248,0.5058312594544478,0.24837749475430634,0.0016591031083784708,0.07295173961840629,0.0,0.0042941492216854536,0.05255453081540038,9331.0,0.05647840531561462,0.03279391276390526,0.066230843425142,0.06355160218626085,0.08948665737863037,0.13021112420962383,0.10888436394812989,0.19022612796056157,0.10663380130746973,0.15550316150466187,17456.0,0.7694202566452796,13418.0,0.05596959308391713,16154.0,0.32252073789773433,0.32741116751269034,0.35006809458957533,Prospect Heights,4,1
25,Prospect Lefferts Gardens-Wingate,69363.0,0.4475584966048181,0.5524415033951818,0.2180701526750573,0.14086760953245966,0.10515692804521143,0.8948430719547886,0.146865043322809,0.7016709196545708,0.0005766763259951271,0.02182719893891556,0.0011821864682900105,0.004353906261263209,0.0183671409829448,26590.0,0.10831139526137645,0.06607747273411056,0.11474238435502068,0.12042121098157202,0.13779616397141783,0.17585558480631816,0.11041745016923656,0.09977435125987213,0.03824746145167356,0.02835652500940203,55671.0,0.6409081927754127,35680.0,0.10420403587443947,47840.0,0.7270903010033445,0.167809364548495,0.10510033444816054,Prospect Lefferts Gardens-Wingate,3,1
26,Rugby-Remsen Village,55951.0,0.43631034297867777,0.5636896570213222,0.21327590212864828,0.1435899269003235,0.07000768529606263,0.9299923147039374,0.017604689817876357,0.8891887544458544,0.0017872781540991224,0.010866651176922664,0.0,0.0022877160372468766,0.008257225071937945,20761.0,0.09696064736766052,0.06025721304368768,0.12870285631713307,0.1048119069408988,0.14257502047107556,0.18818939357449063,0.11868407109484129,0.10563074996387457,0.03318722604884158,0.021000915177496266,45536.0,0.6161498594518623,28038.0,0.09633354732862544,38231.0,0.7866391148544375,0.14367921320394444,0.06968167194161806,Rugby-Remsen Village,1,1
27,Seagate-Coney Island,29677.0,0.4473834956363514,0.5526165043636486,0.23469353371297638,0.19264076557603532,0.2620210937763251,0.7379789062236749,0.3105435185497186,0.2979074704316474,0.003066347676651953,0.10540148936887152,0.0,0.00818815918051016,0.01287192101627523,10981.0,0.21819506420180312,0.1208450960750387,0.15144340224023314,0.09625717147800747,0.09989982697386394,0.1260358801566342,0.06483926782624533,0.07157818049357982,0.02604498679537383,0.02486112375922047,23598.0,0.4956775997965929,11697.0,0.1751731213131572,19796.0,0.7679329157405537,0.15235401091129522,0.07971307334815114,Seagate-Coney Island,4,1
28,Stuyvesant Heights,67371.0,0.4619495034955693,0.5380504965044307,0.2250226358522213,0.11117543156551038,0.17981030413679477,0.8201896958632052,0.09665879978032091,0.6684626916625848,0.002449124994433807,0.033590120378204275,0.0,0.00259755681227828,0.016431402235383176,25486.0,0.15714509927018755,0.08636113944910931,0.10225221690339795,0.10476339951345837,0.11947736011928117,0.1460409636663266,0.09601349760652908,0.11418033430118496,0.036019775563054225,0.03774621360747077,54071.0,0.6230696676591888,33660.0,0.13155080213903744,44592.0,0.729884284176534,0.17624237531395767,0.09387334050950844,Stuyvesant Heights,20,1
29,Williamsburg,33767.0,0.5134006574466194,0.4865993425533805,0.4793141232564338,0.07572482009062102,0.08138123019516096,0.918618769804839,0.8746113068972665,0.03666301418544733,0.0005922942517842864,0.0033760772351704325,0.0003257618384813575,0.0,0.0030503153966890753,8315.0,0.15971136500300662,0.17233914612146722,0.19747444377630788,0.13096812988574866,0.09200240529164161,0.1031870114251353,0.06289837642814192,0.039085989176187615,0.014431749849669273,0.027901383042693927,18882.0,0.48268191928821097,9114.0,0.044107965766951945,14001.0,0.918577244482537,0.047568030854938936,0.03385472466252411,Williamsburg,1,1
30,Windsor Terrace,22031.0,0.4636194453270392,0.5363805546729609,0.21592301756615678,0.11760700830647723,0.13077027824429213,0.8692297217557079,0.6749580137079569,0.047887068222050744,0.0004085152739321865,0.11710771186056013,0.0,0.00553765149108075,0.023330761200127094,9135.0,0.05790914066776136,0.031198686371100164,0.059113300492610835,0.04630541871921182,0.07794198139025725,0.14187192118226602,0.13201970443349753,0.2174055829228243,0.08779419813902573,0.148440065681445,17522.0,0.736616824563406,12896.0,0.04226116625310174,16061.0,0.352717763526555,0.33210883506630967,0.3151734014071353,Windsor Terrace,1,1
31,Battery Park City-Lower Manhattan,45737.0,0.485689922819599,0.514310077180401,0.14931018650108227,0.05979841266370772,0.08658197957889674,0.9134180204211033,0.6480967269388023,0.02405054988302687,0.0008964295865491834,0.21179788792443754,0.00013118481754378293,0.004985023066663752,0.023460218204079848,22074.0,0.06106731901784905,0.01839267917006433,0.03420313490984869,0.022062154570988493,0.0392316752740781,0.08593820784633506,0.09513454743136722,0.20041677992208026,0.1127117876234484,0.3308417142339404,39203.0,0.8070810907328521,31635.0,0.03802750118539592,33950.0,0.15381443298969072,0.455699558173785,0.3904860088365243,Battery Park City-Lower Manhattan,1,1
32,Central Harlem North-Polo Grounds,85872.0,0.46443543879262156,0.5355645612073784,0.22004844419601266,0.09593348239239799,0.2592696105831936,0.7407303894168064,0.09048351034097261,0.5981227874045091,0.0040641885597167875,0.02032094279858394,0.0009432643935159306,0.00228246692752003,0.024513228991988077,34755.0,0.15922888792979428,0.09074953244137535,0.13244137534167746,0.11086174651129334,0.11704790677600345,0.15554596460940873,0.0870953819594303,0.08559919436052367,0.02681628542655733,0.034613724643936125,68603.0,0.6414442517091089,43984.0,0.14507548199345216,57680.0,0.689008321775312,0.1832004160887656,0.12779126213592232,Central Harlem North-Polo Grounds,16,1
33,Central Harlem South,50095.0,0.4715839904182054,0.5284160095817946,0.207226270086835,0.08877133446451742,0.19642678910070865,0.8035732108992913,0.1991017067571614,0.5234254915660246,0.000938217386964767,0.05232059087733307,0.0,0.002994310809462022,0.024792893502345544,19505.0,0.14288643937451936,0.07633940015380672,0.07372468597795437,0.07331453473468341,0.10797231479107922,0.14944885926685464,0.09146372724942323,0.12401948218405537,0.07234042553191489,0.08849013073570879,40518.0,0.6464781084949899,26165.0,0.07403019300592395,35200.0,0.5582386363636364,0.2288068181818182,0.21295454545454545,Central Harlem South,11,1
34,Chinatown,44898.0,0.5228963428215065,0.47710365717849346,0.12114125350795135,0.16974030023609069,0.1470889571918571,0.8529110428081429,0.17744665686667557,0.0549467682302107,0.0008909082809924718,0.5865740122054435,0.00017818165619849435,0.007216357076039022,0.02565815849258319,18191.0,0.14105876532351164,0.11049420042878347,0.13831015337254687,0.08317299763619372,0.09807047441042274,0.1345170688802155,0.0962014182837667,0.09290308394260899,0.037216205816062886,0.06805563190588752,40184.0,0.590707744375871,23737.0,0.08240299953658844,35477.0,0.6576091552273304,0.23950728641091412,0.1028835583617555,Chinatown,5,1
35,Clinton,44293.0,0.5520285372406475,0.4479714627593525,0.058496827941209674,0.11342650080148105,0.19389068250062086,0.8061093174993791,0.56214300228027,0.05666809653895649,0.0018061544713611631,0.15844490100015804,0.0002709231707041745,0.008127695121125234,0.01864854491680401,26448.0,0.07267090139140955,0.03799909255898366,0.06987295825771325,0.09063067150635208,0.0749395039322444,0.12254234724742892,0.11445099818511796,0.1587265577737447,0.09081972171808833,0.16734724742891713,41934.0,0.7775313588019268,32605.0,0.058948014108265605,37316.0,0.2885089505841998,0.42877050058955946,0.28272054882624076,Clinton,5,1
36,East Harlem North,61031.0,0.45860300503023055,0.5413969949697695,0.23874752175124117,0.11520374891448608,0.4784453802166112,0.5215546197833888,0.08497321033573102,0.3583916370369157,0.00034408743097769984,0.05467713129393259,0.0002621618521734856,0.008323638806508169,0.014582753027150137,23913.0,0.2105131100238364,0.12139840254255008,0.13979843599715636,0.10722201313093296,0.11868021578221051,0.12880023418224396,0.06348011541839167,0.057876468866307026,0.030527328231505876,0.021703675824865137,48298.0,0.5336452855190691,25757.0,0.09488682688201265,39697.0,0.7382421845479508,0.15930674862080257,0.10245106683124669,East Harlem North,24,1
37,East Harlem South,59777.0,0.4581528012446259,0.5418471987553741,0.18642621744149088,0.128611338809241,0.4328253341586229,0.5671746658413771,0.21744149087441658,0.22928551114977333,0.0,0.0979139133780551,0.0012044766381718722,0.006373688876992824,0.014955584923967412,24057.0,0.16020285156087624,0.10828449100054038,0.12707320114727522,0.09261337656399385,0.10117637278131106,0.13339152845325686,0.09473334164692189,0.08442449183189923,0.028723448476534897,0.06937689653739036,49982.0,0.5828098115321516,29120.0,0.11260302197802198,41724.0,0.6037292685265075,0.22965199884958298,0.1666187326239095,East Harlem South,16,1
38,East Village,43022.0,0.5076704941657757,0.49232950583422436,0.05120635953698108,0.09418437078703919,0.10859560225001162,0.8914043977499884,0.6791409046534331,0.050439310120403515,0.0010924643205801683,0.13846404165310772,0.0008600251034354517,0.0010692203988656966,0.020338431500162707,22352.0,0.10947566213314244,0.034940944881889764,0.08773264137437366,0.07605583392984967,0.07874015748031496,0.11815497494631352,0.11560486757337152,0.15730136005726558,0.08522727272727272,0.13676628489620615,41068.0,0.6956267653647609,28568.0,0.05453654438532624,32756.0,0.29423617047258516,0.437629747221883,0.2681340823055318,East Village,13,1
39,Hamilton Heights,52508.0,0.5075226632132247,0.49247733678677535,0.1755161118305782,0.10373657347451817,0.45808257789289253,0.5419174221071075,0.1668126761636322,0.29565018663822656,0.0009903252837662833,0.035480307762626645,0.0,0.0021901424544831264,0.040793783804372666,19226.0,0.13601373140538853,0.05659003432851347,0.1001248309580776,0.12670342244876728,0.11312805575782794,0.18599812753562883,0.1075626755435348,0.0922188702798294,0.04894413814626027,0.03271611359617185,44399.0,0.6984166310052028,31009.0,0.09523041697571673,37497.0,0.6636530922473798,0.19060191481985225,0.14574499293276796,Hamilton Heights,11,1
40,Lenox Hill-Roosevelt Island,82051.0,0.443724025301337,0.5562759746986631,0.14595800173063095,0.1662868216109493,0.09033406052333305,0.909665939476667,0.7199059121765731,0.038963571437276814,0.004021888825242837,0.11955978598676432,0.0009384407258899953,0.0004996892176816858,0.02577665110723818,43924.0,0.05045077861761224,0.02893634459520991,0.04475912940533649,0.0502003460522721,0.06754849285128858,0.13211456151534468,0.10429378016574083,0.15479009197705126,0.09359347964666241,0.27331299517348145,71047.0,0.7303334412431207,51868.0,0.03572530269144752,66066.0,0.216889171434626,0.38140647231556324,0.40170435624981077,Lenox Hill-Roosevelt Island,1,1
41,Lower East Side,72789.0,0.4529118410748877,0.5470881589251123,0.15422660017310308,0.17946392998942148,0.3957328717251233,0.6042671282748767,0.2197584799901084,0.1100028850513127,0.002665237879349902,0.24167113162703155,0.0005632719229553916,0.010633474838231051,0.018972646965887702,32016.0,0.16857196401799102,0.1315592203898051,0.14064842578710646,0.09495252373813093,0.09788855572213893,0.12153298350824587,0.05244252873563218,0.09726386806596701,0.03492003998001,0.06021989005497251,63080.0,0.5256816740646798,33074.0,0.09022192658886134,55258.0,0.6562307720149119,0.23357703861884252,0.11019218936624561,Lower East Side,26,1
42,Marble Hill-Inwood,52681.0,0.4784647216263928,0.5215352783736071,0.21241054649683946,0.11748068563618762,0.7344013970881342,0.26559860291186577,0.15882386439133653,0.07509348721550464,1.8982175736982972e-05,0.016438564188227256,0.0005504830963725063,0.0022968432641749395,0.012376378580512899,19057.0,0.11554809256441202,0.07325392244319673,0.16120060870021513,0.10814923650102325,0.1106679960119641,0.1437267145930629,0.13732486750275488,0.09193472214934145,0.029962743348900665,0.028231096185128823,43004.0,0.6606594735373453,28361.0,0.12266845315750502,35991.0,0.7078714122975188,0.17026478841932705,0.12186379928315412,Marble Hill-Inwood,2,1
43,Morningside Heights,53707.0,0.4465898300035377,0.5534101699964623,0.12843763382799261,0.12622190775876516,0.2197665108831251,0.7802334891168748,0.4836985867763979,0.11106559666337722,0.0017874764928221647,0.14942186307185282,0.0005027277636062338,0.011246206267339453,0.022511032081479136,19319.0,0.16382835550494332,0.061028003519850924,0.08975619856100213,0.0695688182618148,0.05388477664475387,0.1186396811429163,0.1002122263057094,0.11636213054505927,0.07350276929447694,0.15321704021947305,47336.0,0.5117880682778435,24206.0,0.06816491778897794,33214.0,0.3435900523875474,0.2703077015716264,0.38610224604082616,Morningside Heights,3,1
44,park-cemetery-etc-Manhattan,1765.0,0.8776203966005666,0.12237960339943343,0.0033994334277620396,0.09405099150141644,0.2028328611898017,0.7971671388101983,0.21869688385269123,0.511614730878187,0.00793201133144476,0.028895184135977338,0.017563739376770537,0.0056657223796034,0.006798866855524079,0.0,,,,,,,,,,,1759.0,0.18590108015918136,327.0,0.4617737003058104,1677.0,0.9385807990459153,0.042337507453786526,0.01908169350029815,park-cemetery-etc-Manhattan,2,1
45,Upper West Side,134019.0,0.4498541251613577,0.5501458748386423,0.15848499093412127,0.18933882509196456,0.16390213327960962,0.8360978667203904,0.6579664077481551,0.0720420238921347,0.0005372372574038009,0.07914549429558496,0.0,0.0032010386586976474,0.02320566486841418,65676.0,0.07014739021864913,0.04089774042268104,0.060691881356964496,0.05374870576770814,0.06347828735002131,0.11868871429441501,0.09492051891101773,0.14813630549972592,0.09886412083561727,0.25042633534319997,114942.0,0.6943153938508118,79806.0,0.05445705836653886,106918.0,0.266269477543538,0.3235002525299762,0.4102302699264857,Upper West Side,4,1
46,Washington Heights North,73523.0,0.4898603158195395,0.5101396841804605,0.17061327747779606,0.13712715748813298,0.643472110768059,0.356527889231941,0.2594970281408539,0.05293581600315547,0.00029922609251526735,0.02758320525549828,0.0,0.002176189763747399,0.014036423976170722,25848.0,0.10948622717424945,0.05365985762921696,0.12515475085112968,0.08886567626121944,0.1337821108016094,0.16778861033735684,0.12209842154131847,0.11285205818632002,0.044181367997523986,0.04213091922005571,62317.0,0.6640082160566138,41371.0,0.10565371878852337,52932.0,0.6144865109952392,0.22141615657825134,0.16409733242650948,Washington Heights North,4,1
47,Washington Heights South,92476.0,0.4988645702668801,0.50113542973312,0.16453998875383882,0.11997707513300748,0.7286755482503569,0.27132445174964315,0.12409706302175699,0.09989618928154331,0.0004325446602361694,0.032473290367230415,0.0007136986893896795,0.0032765258012889833,0.010435139928197586,29295.0,0.1389656938044035,0.08844512715480457,0.12121522444103089,0.10776583034647551,0.10916538658474143,0.18388803550093874,0.08704557091653865,0.10766342379245605,0.032735961768219836,0.023109745690390853,79005.0,0.6459338016581229,51032.0,0.1298401003292052,67159.0,0.7120266829464406,0.1876442472341756,0.10032906981938385,Washington Heights South,6,1
48,West Village,66772.0,0.4977086203797999,0.5022913796202001,0.08233990295333374,0.1475019469238603,0.06038459234409633,0.9396154076559037,0.8036302641825915,0.020053315761097465,0.00211166357155694,0.0859791529383574,0.00023962139819085843,0.004837356975977955,0.022764032828131553,36906.0,0.04316371321736303,0.018912913889340487,0.045250094835528096,0.04833902346501924,0.07107245434346719,0.1174876713813472,0.09134016149135642,0.15019238064271392,0.12371972037067143,0.290521866363193,61658.0,0.7275454928800804,44844.0,0.04515654268129515,54643.0,0.15604926523067914,0.4438262906502205,0.40012444411910036,West Village,2,1
49,Astoria,77252.0,0.4865634546678403,0.5134365453321597,0.1266374980583027,0.12750478952001243,0.269080412157614,0.730919587842386,0.4991844871330192,0.03715114171801377,0.0006342877854295034,0.16583389426810957,0.0006860663801584425,0.004957800445295915,0.02247191011235955,34325.0,0.07411507647487255,0.04833211944646759,0.09430444282592862,0.08582665695557173,0.12436999271667881,0.17995630007283323,0.1382665695557174,0.14954115076474872,0.06374362709395484,0.04154406409322651,68317.0,0.7248415474918395,49519.0,0.06926634221208021,61188.0,0.5291070144472773,0.30007517813950446,0.17081780741321828,Astoria,1,1
50,Baisley Park,39079.0,0.4720949870774585,0.5279050129225415,0.2355485043117787,0.110622073236265,0.13132372885693083,0.8686762711430692,0.010747460272780777,0.7098441618260447,0.0027636326415721997,0.053967604084034906,0.0,0.06658307530898948,0.024770337009647127,10971.0,0.05241090146750524,0.04375170905113481,0.07428675599307265,0.08294594840944308,0.1403700665390575,0.1916871752802844,0.1642512077294686,0.16461580530489472,0.06280193236714976,0.022878497857989243,31094.0,0.6618961857593105,20566.0,0.10468734805017992,25891.0,0.8279324861921131,0.11525240431037813,0.05681510949750879,Baisley Park,3,1
51,Breezy Point-Belle Harbor-Rockaway Park-Broad Channel,28243.0,0.5101086995007612,0.48989130049923874,0.22111673689055694,0.19767730057005276,0.12282689515986261,0.8771731048401373,0.778033495025316,0.06111248805013632,0.002655525262897001,0.023616471338030662,0.0,0.007010586694048083,0.004744538469709308,10825.0,0.05210161662817552,0.037598152424942265,0.06558891454965358,0.06143187066974596,0.09662817551963049,0.15085450346420323,0.1510392609699769,0.17782909930715934,0.11390300230946883,0.09302540415704388,22761.0,0.5775668907341506,13146.0,0.06610375779704854,20417.0,0.617132781505608,0.21726992212372043,0.1655972963706715,Breezy Point-Belle Harbor-Rockaway Park-Broad Channel,1,1
52,Briarwood-Jamaica Hills,42224.0,0.48777946191739296,0.512220538082607,0.18877889352027283,0.12656309208033345,0.2699649488442592,0.7300350511557409,0.16625615763546797,0.1158582796513831,0.0013025767336112164,0.39354395604395603,0.00018946570670708602,0.016483516483516484,0.036401098901098904,14269.0,0.0655967481953886,0.023127058658630597,0.11605578526876445,0.09019552876865933,0.0990258602565001,0.20695213399677623,0.12972177447613709,0.1653935104071764,0.06804961805312215,0.03588198191884505,35221.0,0.6688055421481502,23556.0,0.10515367634572932,30190.0,0.6072540576349784,0.25233521033454787,0.14041073203047366,Briarwood-Jamaica Hills,1,1
53,Corona,58626.0,0.5242213352437485,0.47577866475625147,0.2614027905707365,0.1056868965987787,0.6146931395626514,0.38530686043734863,0.0679391396308805,0.16211237334970832,0.003070310101320233,0.14334936717497357,0.0,0.0039061167400129635,0.004929553440453041,16643.0,0.09763864687856756,0.041278615634200565,0.11722646157543712,0.12575857717959502,0.16727753409841975,0.19701976807066035,0.11284023313104609,0.10659135973081776,0.02247191011235955,0.011896893588896233,44782.0,0.6394980125943459,28638.0,0.05964103638522243,37791.0,0.8445926278743616,0.1117461829536133,0.043661189172025085,Corona,1,1
54,Douglas Manor-Douglaston-Little Neck,25738.0,0.4620017095345404,0.5379982904654597,0.19166213380993083,0.2019970471676121,0.11904576890201259,0.8809542310979874,0.4638278032481156,0.015890900613878312,0.0,0.3751651254953765,0.0,0.003963011889035667,0.02210738985158132,9684.0,0.039962825278810406,0.0187938868236266,0.05916976456009913,0.08560512185047502,0.08157786038826931,0.16501445683601818,0.14818256918628667,0.20353159851301114,0.09717059066501446,0.10099132589838909,21420.0,0.6248832866479925,13385.0,0.05423982069480762,19261.0,0.5156014744821141,0.27189657857847466,0.21250194693941124,Douglas Manor-Douglaston-Little Neck,1,1
55,East Elmhurst,21760.0,0.5032169117647058,0.4967830882352941,0.2158547794117647,0.13056066176470588,0.622610294117647,0.37738970588235293,0.05372242647058824,0.22573529411764706,0.0,0.07927389705882353,0.0,0.008685661764705883,0.009972426470588235,6064.0,0.09003957783641162,0.03990765171503958,0.1091688654353562,0.11477572559366754,0.16111477572559366,0.16062005277044855,0.12895778364116095,0.13324538258575197,0.04155672823218998,0.020613456464379946,17586.0,0.607073808711475,10676.0,0.08092918696140877,14691.0,0.843645769518753,0.11013545708256756,0.04621877339867946,East Elmhurst,1,1
56,Hammels-Arverne-Edgemere,39003.0,0.4645027305591878,0.5354972694408122,0.29325949285952363,0.10870958644206856,0.27195343947901446,0.7280465605209856,0.1583211547829654,0.48278337563777146,0.001153757403276671,0.05538035535728021,0.0,0.009153142065994924,0.021254775273696895,13061.0,0.13804456014087743,0.06814179618712196,0.13781486869305568,0.11277850088048388,0.13222571012939285,0.15427608912028176,0.08513896332593217,0.1120894265370186,0.036367812571778575,0.023122272414057118,29066.0,0.571458060964701,16521.0,0.12813994310271776,24185.0,0.790241885466198,0.14124457308248914,0.0685135414513128,Hammels-Arverne-Edgemere,2,1
57,Kew Gardens Hills,38404.0,0.47914279762524736,0.5208572023747526,0.23302260181231121,0.1375898343922508,0.13157483595458808,0.8684251640454119,0.5228101239454224,0.07082595562962192,0.0015883762108113739,0.23781376939902094,0.0,0.0,0.03538693886053536,13199.0,0.04750359875748163,0.052352450943253276,0.09212819152966134,0.09296158799909084,0.11023562391090234,0.17077051291764528,0.13614667777861958,0.16577013410106825,0.08818849912872187,0.04394272293355557,30235.0,0.6160079378204069,18585.0,0.05412967446865752,25294.0,0.5763026804775836,0.23630109907487942,0.18739622044753695,Kew Gardens Hills,1,1
58,Maspeth,29111.0,0.48771941877640757,0.5122805812235924,0.21273745319638623,0.1294699598090069,0.3048332245542922,0.6951667754457078,0.5387997664113222,0.013774861736113496,0.0020610765689945383,0.12764934217306173,0.0,0.0008931331798976332,0.01198859537631823,10838.0,0.0791658977671157,0.04816386787230116,0.09171433843882636,0.09272928584609706,0.10509319062557668,0.17715445654179737,0.14661376637756043,0.14578335486252075,0.06449529433474811,0.049086547333456354,23667.0,0.6515401191532514,15420.0,0.06718547341115434,20673.0,0.736999951627727,0.17941276060562086,0.08358728776665215,Maspeth,1,1
59,Middle Village,38033.0,0.46904004417216627,0.5309599558278337,0.1845239660295007,0.1941471879683433,0.177661504482949,0.822338495517051,0.7052822548839166,0.008781847343096784,0.0,0.09709988694028869,0.0,0.00042068729787289984,0.010753819051876003,14631.0,0.06342697013191169,0.0330804456291436,0.07962545280568656,0.0865969516779441,0.09602897956393958,0.15747385687922905,0.14435103547262662,0.19506527236689222,0.09555054336682386,0.04880049210580275,31684.0,0.6203130917813408,19629.0,0.06704365989097763,28751.0,0.6852979026816458,0.19787137838683871,0.11683071893151542,Middle Village,1,1
60,North Corona,54677.0,0.548439014576513,0.45156098542348705,0.2699306838341533,0.06286006913327359,0.8789253250909889,0.1210746749090111,0.010004206521937927,0.033121787954715876,0.0011705104522925544,0.07050496552480934,0.0,0.0027433838725606746,0.0035298205826947344,12178.0,0.046230908195105926,0.04549187058630317,0.13360157661356545,0.13631138117917557,0.16767942190835933,0.17441287567745115,0.125800624076203,0.12465101001806536,0.03145015601905075,0.014370175726720315,40891.0,0.6980509158494534,28544.0,0.06474215246636772,34053.0,0.9267024931724077,0.05180160338296185,0.02149590344463043,North Corona,3,1
61,Old Astoria,28110.0,0.4950907150480256,0.5049092849519744,0.16623977232301673,0.11209533973674848,0.30373532550693705,0.696264674493063,0.3795802205620776,0.11853432942013518,0.0030949839914621133,0.17481323372465316,0.0009960868018498755,0.0052650302383493415,0.013980789754535752,11439.0,0.07963982865635108,0.04650756184981205,0.11670600576973511,0.09572515079989509,0.13130518401958213,0.15359734242503714,0.13156744470670514,0.13995978669464115,0.05026663169857505,0.05472506337966605,24053.0,0.6999542676589199,16836.0,0.07804704205274413,20661.0,0.5755287740186825,0.2885145927109046,0.13595663327041285,Old Astoria,1,1
62,Queensboro Hill,21460.0,0.4970643056849953,0.5029356943150046,0.18821062441752098,0.14575955265610438,0.168452935694315,0.831547064305685,0.1390959925442684,0.014259086672879777,0.0017241379310344827,0.6616029822926375,0.0,0.00027958993476234854,0.014585274930102516,6049.0,0.06546536617622747,0.033559265994379237,0.10365349644569351,0.11224995867085469,0.11853198875847247,0.22086295255414118,0.11952388824599107,0.13787402876508514,0.051248140188460904,0.03703091420069433,18082.0,0.5648158389558677,10188.0,0.07391048292108363,15504.0,0.7643833849329206,0.14499484004127966,0.0906217750257998,Queensboro Hill,1,1
63,Rego Park,28106.0,0.46858322066462677,0.5314167793353732,0.15687041912758842,0.19131146374439623,0.17419768021063117,0.8258023197893688,0.4447804739201594,0.033765032377428304,0.0013876040703052729,0.32050096064897177,0.0,0.003415640788443749,0.021952607984060343,12260.0,0.09893964110929854,0.03898858075040783,0.10595432300163132,0.07985318107667211,0.12748776508972268,0.1504078303425775,0.12854812398042414,0.15154975530179446,0.07446982055464926,0.04380097879282219,24163.0,0.6181765509249679,14927.0,0.05687680042875327,21975.0,0.5099886234357224,0.30084186575654154,0.18916951080773606,Rego Park,1,1
64,South Jamaica,41606.0,0.4753881651684853,0.5246118348315146,0.2619574099889439,0.10193241359419314,0.17759457770513867,0.8224054222948614,0.003917704177282123,0.6502187184540691,0.0013459597173484594,0.0668413209633226,0.0,0.07982021823775418,0.020261500745084843,12166.0,0.09107348347854677,0.061647213545947724,0.11458162091073483,0.10060825250698668,0.15148775275357554,0.1668584579976985,0.11893802400131515,0.13792536577346703,0.03559099128719382,0.021288837744533946,32122.0,0.6671751447606002,21431.0,0.17843311091409642,26097.0,0.8394834655324367,0.1103191937770625,0.05019734069050082,South Jamaica,4,1
65,South Ozone Park,85411.0,0.49333224057791153,0.5066677594220885,0.21611970355106486,0.10427228342953483,0.22035803350856448,0.7796419664914356,0.053306951095292175,0.22155225907669973,0.008874735104377656,0.2596152720375596,0.0008546908477830724,0.17673367599021203,0.05870438233951131,22105.0,0.05514589459398326,0.03415516851391088,0.08853200633340873,0.08839629043202896,0.1351730377742592,0.18525220538339743,0.12865867450802987,0.16950916082334314,0.06378647364849581,0.05139108798914273,69511.0,0.6591330868495634,45809.0,0.10871226178261914,57489.0,0.8219659413105116,0.13665222912209293,0.0413818295673955,South Ozone Park,1,1
66,St. Albans,54626.0,0.4589023541903123,0.5410976458096877,0.23091568117746128,0.1313477098817413,0.06817266503130377,0.9318273349686962,0.010617654596712189,0.8739794237176436,0.0033866656903306118,0.015175923552886904,0.0008970087504118917,0.0036978728078204516,0.024072785852890567,15717.0,0.04103836610040084,0.03912960488642871,0.0723420500095438,0.07380543360692245,0.11268053699815486,0.1890946109308392,0.16243557930902844,0.19628427817013425,0.07221479926194567,0.04097474072660177,43580.0,0.6899036255162919,29990.0,0.11273757919306436,36290.0,0.7735739873243318,0.14227059796087077,0.08415541471479747,St. Albans,3,1
67,West New Brighton-New Brighton-St. George,33175.0,0.4788847023360965,0.5211152976639035,0.2723134890730972,0.10987189148455162,0.3041446872645064,0.6958553127354936,0.23565938206480783,0.35656367746797285,0.0015674453654860587,0.05769404672192916,0.0,0.004340617935192163,0.040030143180105504,12074.0,0.15156534702666888,0.06029484843465297,0.1047705814146099,0.07097896306112307,0.12158356799734968,0.14510518469438463,0.10916017889680305,0.13135663408977968,0.07048202749710121,0.03470266688752692,25027.0,0.5717824749270788,14299.0,0.06986502552626057,20844.0,0.7131068892726924,0.17765304164267895,0.10924006908462867,West New Brighton-New Brighton-St. George,3,1
68,Allerton-Pelham Gardens,32450.0,0.4694915254237288,0.5305084745762711,0.21029275808936826,0.17439137134052388,0.34194144838212637,0.6580585516178736,0.22120184899845916,0.3284745762711864,0.0,0.08160246533127889,0.0,0.014052388289676426,0.012727272727272728,9419.0,0.07081431149803588,0.033867714194712815,0.09884276462469477,0.08801358955303111,0.11763456842552288,0.19365113069327955,0.12453551332413207,0.15213929291856884,0.06656757617581484,0.05393353859220724,26656.0,0.5959258703481393,15885.0,0.10210890777463015,22699.0,0.7416185735054408,0.15005066302480286,0.10833076346975638,Allerton-Pelham Gardens,1,1
69,Bedford Park-Fordham North,55995.0,0.4810072327886418,0.5189927672113581,0.2679882132333244,0.07763193142244844,0.7176355031699259,0.28236449683007414,0.05780873292258237,0.1658183766407715,0.0010536655058487364,0.03809268684703991,0.0012322528797214037,0.006107688186445219,0.01225109384766497,19364.0,0.16396405701301384,0.10039248089237761,0.14129312125593885,0.10844866763065482,0.1387626523445569,0.1710906837430283,0.0940404875025821,0.058200784961784754,0.013685189010535014,0.010121875645527783,42293.0,0.6455205353131724,27290.0,0.14727006229388054,34490.0,0.8577268773557553,0.10455204407074514,0.037721078573499565,Bedford Park-Fordham North,3,1
70,Belmont,29372.0,0.47906169140678195,0.520938308593218,0.2783943892142176,0.06349584638431159,0.622395478687185,0.3776045213128149,0.19426664850878386,0.14840664578510146,0.0,0.01882745471877979,0.0,0.0050388124744654775,0.011064959825684326,9116.0,0.21489688459850811,0.10157964019306713,0.18845985081175953,0.14545853444493198,0.13503729706011408,0.11243966652040369,0.03356735410267661,0.05605528740675735,0.008446687143483985,0.004058797718297499,22085.0,0.5574371745528639,12311.0,0.13784420437007555,14740.0,0.8540027137042062,0.09016282225237449,0.05583446404341927,Belmont,1,1
71,Claremont-Bathgate,34815.0,0.4565560821484992,0.5434439178515008,0.34465029441332756,0.07304322849346546,0.5839437024271148,0.41605629757288526,0.011489300588826655,0.39514577050122074,0.002154243860404998,0.00043084877208099956,0.0,0.0037914691943127963,0.0030446646560390637,10843.0,0.2538042977035876,0.14746841280088535,0.1640689845983584,0.11555842479018721,0.12155307571705247,0.11758738356543393,0.03993359771281011,0.03384672138707,0.006179101724614959,0.0,24213.0,0.5129475901375294,12420.0,0.16658615136876007,18750.0,0.8834666666666666,0.092,0.024533333333333334,Claremont-Bathgate,6,1
72,Crotona Park East,21745.0,0.4394113589330881,0.560588641066912,0.27776500344906874,0.09054955162106232,0.679558519199816,0.320441480800184,0.009473442170613935,0.29059553920441483,0.0,0.011037020004598759,0.0,0.007495976086456657,0.0018395033340997931,7533.0,0.2766494092658967,0.11788132218239745,0.12996150272135934,0.11243860347803,0.12518253020045134,0.1258462763839108,0.04340900039824771,0.040223018717642375,0.021505376344086023,0.006902960307978229,16206.0,0.5952733555473282,9647.0,0.15922048305172593,13458.0,0.8594144746619111,0.11606479417446872,0.024520731163620153,Crotona Park East,5,1
73,East Concourse-Concourse Village,64516.0,0.46028892057784115,0.5397110794221588,0.2709250418500837,0.10801971603943208,0.5930311860623722,0.40696881393762785,0.01563953127906256,0.346007192014384,0.006696013392026784,0.024815549631099262,0.0,0.00496000992001984,0.008850517701035402,22180.0,0.18372407574391345,0.10504959422903516,0.1548692515779982,0.13778178539224525,0.1284941388638413,0.14963931469792605,0.06934174932371506,0.05126239855725879,0.009467989179440937,0.010369702434625788,49034.0,0.5671778765754375,27811.0,0.1320700442271044,39380.0,0.838268156424581,0.11465210766886745,0.04707973590655155,East Concourse-Concourse Village,9,1
74,East Tremont,44510.0,0.46230060660525724,0.5376993933947427,0.2944282183778926,0.10146034598966525,0.6847000674005841,0.31529993259941586,0.015299932599415861,0.2859582116378342,0.0,0.008043136373848573,0.0,0.0028308245338126265,0.0031678274545046056,14779.0,0.2421679409973611,0.13004939441098856,0.16942959604844712,0.12037350294336559,0.118072941335679,0.118072941335679,0.05805534880573787,0.0300426280533189,0.006969348399756411,0.006766357669666418,33134.0,0.5538117945312971,18321.0,0.2183832760220512,25961.0,0.882554601132468,0.08844035283694773,0.029005046030584337,East Tremont,13,1
75,Eastchester-Edenwald-Baychester,35172.0,0.4425110883657455,0.5574889116342545,0.2307801660411691,0.12092005003980438,0.2426930512907995,0.7573069487092005,0.035312180143295804,0.6632548618219037,0.006482429205049471,0.03087683384510406,0.0025019902194927785,0.0012509951097463892,0.017627658364608213,11447.0,0.09705599720450774,0.060365161177601115,0.09137765353367694,0.11278064121603913,0.13715383943391282,0.17559185812876738,0.1267581025596226,0.12273958242334236,0.050843015637284876,0.025334148685245042,28159.0,0.6246315565183422,17589.0,0.10330320086417648,22511.0,0.7581626760250544,0.15969970236773134,0.08213762160721425,Eastchester-Edenwald-Baychester,1,1
76,Fordham South,28434.0,0.48431455299992965,0.5156854470000704,0.303228529225575,0.06393753956530913,0.7249419708799325,0.27505802912006755,0.011957515650277837,0.24941970879932476,0.0015474432018006612,0.00422029964127453,0.0,0.0015474432018006612,0.006365618625589083,8930.0,0.21243001119820829,0.10179171332586787,0.20313549832026875,0.11601343784994401,0.1206047032474804,0.10761478163493841,0.07760358342665173,0.040873460246360585,0.00929451287793953,0.010638297872340425,20825.0,0.6293397358943578,13106.0,0.14291164352205096,16007.0,0.8877366152308365,0.08183919535203349,0.030424189417130005,Fordham South,3,1
77,Highbridge,39144.0,0.44223891273247495,0.557761087267525,0.3074289801757613,0.07600143061516453,0.6551961986511343,0.34480380134886573,0.01696300837931739,0.31976803596975273,0.0007664009809932557,0.002861230329041488,0.0,0.003346617617003883,0.0010985080727569999,13242.0,0.18592357649901828,0.11455973417912702,0.1806373659568041,0.11274731913608216,0.12566077631777678,0.13351457483763782,0.08027488294819514,0.05142727684639783,0.006267935357196798,0.008986557921764084,28547.0,0.5880828108032368,16788.0,0.12258756254467476,22723.0,0.8669629890419399,0.10632398890991507,0.02671302204814505,Highbridge,10,1
78,Hunts Point,26531.0,0.4853190607214202,0.5146809392785798,0.28570351664091065,0.09095020918925031,0.7310693151407787,0.2689306848592213,0.009912932041762466,0.245486412121669,0.0018845878406392523,0.006558365685424597,0.0,0.0021484301383287475,0.0029399570313972333,8445.0,0.2458259325044405,0.1265837773830669,0.15725281231497928,0.12753108348134992,0.14517465956187092,0.10965068087625814,0.045115452930728245,0.033629366489046776,0.004381290704558911,0.004854943753700414,19678.0,0.49796727309685945,9799.0,0.10572507398714155,15489.0,0.901930402220931,0.0757311640519078,0.02233843372716121,Hunts Point,3,1
79,Kingsbridge Heights,31294.0,0.4762574295392088,0.5237425704607912,0.2436888860484438,0.1076883747683262,0.7502716175624721,0.24972838243752796,0.04150955454719755,0.15450246053556593,0.006263181440531731,0.034127947849428006,0.0,0.0032913657570141242,0.01003387230779063,10882.0,0.1414262084175703,0.09244624149972432,0.17138393677632788,0.11514427494945782,0.15787539055320712,0.15263738283403785,0.08684065429149053,0.054217974637015255,0.016816761624701342,0.011211174416467561,24395.0,0.6654232424677188,16233.0,0.12770282757346146,20263.0,0.8296895819967428,0.127769826777871,0.04254059122538617,Kingsbridge Heights,1,1
80,Longwood,28961.0,0.49173025793308245,0.5082697420669176,0.29753806843686337,0.08704809916784641,0.7444839611891855,0.2555160388108145,0.011394634163184973,0.2191913262663582,0.0013466385829218603,0.014087911329028693,0.00044887952764062017,0.0032457442767860225,0.005800904664894168,9040.0,0.240929203539823,0.12389380530973451,0.13086283185840708,0.11913716814159292,0.12632743362831858,0.13827433628318583,0.0629424778761062,0.04480088495575221,0.005088495575221239,0.007743362831858407,21290.0,0.5233442930953499,11136.0,0.1079382183908046,17272.0,0.8904006484483558,0.0800138953219083,0.02958545622973599,Longwood,3,1
81,Melrose South-Mott Haven North,43244.0,0.4611275552677828,0.5388724447322172,0.31678383128295257,0.08470539265562853,0.630422717602442,0.36957728239755805,0.014522245860697438,0.32862362408657847,0.004139302562205161,0.006035519378410878,0.0035380630838960318,0.005827398020534641,0.006891129405235409,14293.0,0.22024767368641993,0.1387392429860771,0.14503603162387183,0.14223745889596306,0.13713006366752956,0.09962918911355209,0.04953473728398517,0.03890016091793185,0.011544112502623662,0.017001329322045757,30880.0,0.5569624352331606,17176.0,0.13088029809035864,24282.0,0.8790873898360926,0.08084177580100486,0.04007083436290256,Melrose South-Mott Haven North,15,1
82,Morrisania-Melrose,39939.0,0.4745987631137485,0.5254012368862515,0.2755952828062796,0.08360249380304965,0.6086531961240892,0.39134680387591075,0.01474748992213125,0.3542652545131325,0.0036305365682666067,0.005232980294949798,0.0,0.0028293147049250106,0.010641227872505571,13736.0,0.18469714618520675,0.1069452533488643,0.17283051834595226,0.12143273150844497,0.1373762376237624,0.1362842166569598,0.06552125800815375,0.05809551543389633,0.007280139778683751,0.009536983110075713,30392.0,0.549387996841274,16687.0,0.11577874992509139,24396.0,0.8616576487948844,0.10050828004590917,0.03783407115920643,Morrisania-Melrose,13,1
83,Mott Haven-Port Morris,55080.0,0.47679738562091506,0.523202614379085,0.31107480029048656,0.08324255628177196,0.7177378358750908,0.28226216412490923,0.015177923021060276,0.25181554103122733,0.003776325344952796,0.005809731299927378,0.0,0.0016158315177923022,0.004066811909949165,18480.0,0.2511904761904762,0.12050865800865801,0.19128787878787878,0.11320346320346321,0.1198051948051948,0.10016233766233766,0.05292207792207792,0.03338744588744589,0.012987012987012988,0.004545454545454545,39844.0,0.5379228993072984,21416.0,0.12831527829660067,30750.0,0.9107642276422764,0.07027642276422764,0.018959349593495933,Mott Haven-Port Morris,8,1
84,Mount Hope,52973.0,0.4695788420516112,0.5304211579483888,0.27723557283899347,0.07522700243520283,0.6826307741679724,0.31736922583202765,0.015271930983708682,0.2672115983614294,0.0016234685594548165,0.017423970702055765,0.0004153059105582089,0.005078058633643554,0.010344892681177203,17135.0,0.16119054566676394,0.1427487598482638,0.17560548584768018,0.11374379924131894,0.15914794280711994,0.1411730376422527,0.06063612489057485,0.03075576305806828,0.01103005544207762,0.003968485555879778,40169.0,0.6188354203490254,24828.0,0.14036571612695345,31640.0,0.8577749683944375,0.09399494310998736,0.048230088495575224,Mount Hope,4,1
85,Norwood,42666.0,0.481062204096939,0.518937795903061,0.27307457929030143,0.09250925795715557,0.6293067079173112,0.3706932920826888,0.09579055922748793,0.13718183096610884,0.0007500117189331083,0.11203300051563306,0.0,0.01357052453944593,0.011367365115079924,14663.0,0.16313169201391256,0.07672372638614199,0.15856236786469344,0.1301916388187956,0.14867353201936848,0.1724067380481484,0.06874445884198323,0.05367250903635,0.016435927163609084,0.011457409806997203,32074.0,0.6322878343829893,20280.0,0.14585798816568046,26784.0,0.794392174432497,0.14023297491039427,0.06537485065710873,Norwood,1,1
86,park-cemetery-etc-Bronx,1777.0,0.5042205965109735,0.49577940348902644,0.22960045019696118,0.08441193021947102,0.5728756330894766,0.42712436691052336,0.11873944850872256,0.29375351716375914,0.0,0.014631401238041642,0.0,0.0,0.0,713.0,0.11640953716690042,0.10238429172510519,0.12061711079943899,0.07433380084151472,0.10098176718092566,0.2300140252454418,0.09957924263674614,0.0729312762973352,0.02244039270687237,0.06030855539971949,1414.0,0.6598302687411598,933.0,0.09110396570203644,1183.0,0.7185122569737954,0.18427726120033813,0.09721048182586645,park-cemetery-etc-Bronx,1,1
87,Parkchester,30826.0,0.47125802893661195,0.528741971063388,0.20687082333095438,0.11603840913514565,0.38087977681178226,0.6191202231882177,0.020015571271004996,0.41198987867384673,0.0027574125738013366,0.15538830857068708,0.0,0.007720755206643742,0.02124829689223383,12689.0,0.08873827724801009,0.04886121837812278,0.09693435258885649,0.10851918984947592,0.15288832847348097,0.22507683820632043,0.1357080936243991,0.11687288202380014,0.02001733785168256,0.006383481755851525,24963.0,0.713656211192565,17727.0,0.12071980594573249,21749.0,0.7429307094579061,0.16685824635615432,0.09021104418593959,Parkchester,1,1
88,Soundview-Bruckner,37866.0,0.48856493952358315,0.5114350604764168,0.2798552791422384,0.10201764115565415,0.6197908413880526,0.3802091586119474,0.024850789626577933,0.2508318808429726,0.005862779274282998,0.06446416310146305,0.0,0.01315163999366186,0.02104790577298896,11820.0,0.15981387478849407,0.10050761421319797,0.17428087986463622,0.13485617597292723,0.13510998307952624,0.12148900169204738,0.07639593908629441,0.07504230118443317,0.01751269035532995,0.004991539763113367,28503.0,0.6094095358383328,17370.0,0.14122049510650547,23225.0,0.8817222820236814,0.08551130247578041,0.032766415500538215,Soundview-Bruckner,1,1
89,Soundview-Castle Hill-Clason Point-Harding Park,56552.0,0.44578441080775216,0.5542155891922479,0.24103479983024473,0.1302518036497383,0.6063092375159146,0.39369076248408547,0.02378342056868015,0.3379544490026878,0.0005304852171452823,0.017665157730937898,0.0,0.006206677040599802,0.007550572924034517,19190.0,0.15674830640958834,0.10145909327774882,0.1269932256383533,0.10661803022407504,0.12912975508077124,0.15841584158415842,0.07759249609171444,0.0996352266805628,0.0310578426263679,0.01235018238665972,44333.0,0.5294024767103512,23470.0,0.12262462718363869,36194.0,0.8460242029065591,0.10894070840470796,0.04503508868873294,Soundview-Castle Hill-Clason Point-Harding Park,4,1
90,Spuyten Duyvil-Kingsbridge,31508.0,0.4694680716008633,0.5305319283991368,0.19810841690999112,0.20324996826202868,0.3902818331852228,0.6097181668147772,0.4396026405992129,0.09235749650882316,0.0,0.052335914688333124,0.001967754221150184,0.009045321823029072,0.014409038974228768,13171.0,0.0655227393516058,0.04980639283273859,0.08336496849138259,0.056639586971376506,0.10576266039025131,0.17827044263913142,0.13195657125503,0.17713157694935844,0.07015412649001594,0.0813909346291094,25714.0,0.6312903476705297,16233.0,0.058584365182036593,23202.0,0.5063787604516852,0.2537281268856133,0.2398931126627015,Spuyten Duyvil-Kingsbridge,1,1
91,University Heights-Morris Heights,55575.0,0.4490868196131354,0.5509131803868645,0.2830589293747188,0.08003598740440845,0.6742420152946469,0.3257579847053531,0.010526315789473684,0.29201979307242465,0.0009536662168241115,0.017255960413855152,0.00012595591542959963,0.0014934772829509671,0.0033828160143949616,19072.0,0.24223993288590603,0.1247378355704698,0.1596581375838926,0.11016149328859061,0.13664010067114093,0.11519505033557047,0.05667994966442953,0.030620805369127518,0.016988255033557047,0.0070784395973154364,41746.0,0.5643414937958128,23559.0,0.12436860647735473,32908.0,0.8696365625379847,0.09891211863376687,0.03145131882824845,University Heights-Morris Heights,4,1
92,Van Cortlandt Village,51157.0,0.4758097621048928,0.5241902378951072,0.23744551087827667,0.11232089450124128,0.6686474969212425,0.3313525030787576,0.08712395175635788,0.17723869656156538,0.004906464413472252,0.0444318470590535,0.0,0.005101941083331704,0.012549602204976836,17863.0,0.124559144600571,0.0635391591557969,0.12758215305379836,0.1070928735374797,0.14560824049711696,0.1888820466886861,0.12651850193136652,0.0825729160835246,0.02200078374293232,0.011644180708727537,40030.0,0.6620034973769673,26500.0,0.12573584905660376,33368.0,0.7817969311915608,0.13755694078158714,0.08064612802685207,Van Cortlandt Village,1,1
93,Williamsbridge-Olinville,65043.0,0.4615408268376305,0.5384591731623695,0.2503728302815061,0.12070476454038098,0.252156265854896,0.747843734145104,0.023461402456836245,0.6921574958104638,0.003413126700797934,0.01205356456498009,0.0009070922312931445,0.007010746736774134,0.008840305643958612,21483.0,0.1402969790066564,0.06619187264348554,0.12316715542521994,0.10622352557836429,0.1478378252571801,0.17627891821440209,0.09011776753712238,0.10827165665875343,0.02778941488618908,0.013824884792626729,50582.0,0.6366494009726781,32203.0,0.16141353290066143,41360.0,0.812862669245648,0.12961798839458413,0.05751934235976789,Williamsbridge-Olinville,1,1
