NTA,GardenCounts_MMscaled,HasGarden,Gender_Female,Age_Over65,Unemployed,Race_Hisp,Race_White,Race_Black,Race_Asian,Race_Other,Income_Low,Income_Mid,Income_High,Edu_Other,Edu_Bachelor,Edu_GradProf,Crime_Felonies_unscaled,Crime_Misdemeanor_unscaled,Crime_Violation_unscaled,Crime_Total_unscaled
Bath Beach,0.0,0.0,0.4968488978681061,0.14739317914543315,0.07056615577103535,0.17673310617254168,0.4369327262310406,0.01218225130416428,0.3610951964538793,0.01305671983837409,0.4334091704585229,0.29978998949947494,0.2668008400420021,0.6637981697590463,0.22437242884728406,0.11182940139366973,0.030033471036999063,0.06564544824050901,0.014443807858155171,0.11012272713566323
Bay Ridge,0.0,0.0,0.5219627467333889,0.15644350089721232,0.07492212949092897,0.17860843632319862,0.6343291126443754,0.0190941946571638,0.1455126747036672,0.022455581671595018,0.40941260787768385,0.28900767462000176,0.3015797175023144,0.5357351576197188,0.2719756609027467,0.1922891814775345,0.03362650693759951,0.0820506988146688,0.02383299213991457,0.13951019789218289
Bedford,0.6388888888888888,1.0,0.5155075811890916,0.07721925701691494,0.12502705627705624,0.19493348203616664,0.3506067606681006,0.4058259645768608,0.0304044185984758,0.01822937412039619,0.5759238650754058,0.22928738631566828,0.1947887486089259,0.6781932716793996,0.20435151677612476,0.11745521154447572,0.0820255450224382,0.12467139329244005,0.032993441142887485,0.2396903794577657
Bensonhurst East,0.027777777777777776,1.0,0.5132338525215118,0.15726578181648435,0.08520151330394272,0.12328255558840462,0.465153189039476,0.008262405277980923,0.3867925996234459,0.016509250470692582,0.5105241808266101,0.2909812052102583,0.19849461396313156,0.6981525755270593,0.20456422516844164,0.09728319930449902,0.029377440988376618,0.048002863055689536,0.01496880202903512,0.09234910607310128
Bensonhurst West,0.05555555555555555,1.0,0.5127883377343255,0.1426248827008271,0.08834246067244125,0.14597472884795845,0.426772581454728,0.008740152325251509,0.4051677105383759,0.013344826833686142,0.4928616804306396,0.2856999565348223,0.2214383630345381,0.7376184323858742,0.18879968007874984,0.07358188753537591,0.02770442790738276,0.045981275778539166,0.013104772712393341,0.08679047639831526
Borough Park,0.05555555555555555,1.0,0.4898454391812148,0.101460632783511,0.05731048087515692,0.0967208935635852,0.7571308526809741,0.008931859167429872,0.12853946163360494,0.008676932954405974,0.6100211509007366,0.22277733206914158,0.1672015170301218,0.8118683596786732,0.11113167734053972,0.07699996298078703,0.020346888483944368,0.041770132089545185,0.01080131806293845,0.07291833863642799
Brighton Beach,0.0,0.0,0.5247240682729748,0.2284743976344527,0.07810867293625914,0.11426647539303805,0.6952015692244635,0.007641186286851891,0.14945691951869308,0.03343384957695348,0.5938142867276726,0.2228843016244591,0.18330141164786834,0.5896230112077749,0.2635394623403088,0.1468375264519163,0.03908422870861024,0.06443774336153643,0.016277776151301344,0.11979974822144802
Brooklyn Heights-Cobble Hill,0.0,0.0,0.5028169014084507,0.1331400165700083,0.0377999722569011,0.08073736536868269,0.7233222866611433,0.049585749792874896,0.0963960231980116,0.0499585749792875,0.24291606886657102,0.1951219512195122,0.5619619799139168,0.2193053094969668,0.3642025017447791,0.41649218875825417,0.03827671913835957,0.07133388566694282,0.017647058823529408,0.1272576636288318
Brownsville,0.2777777777777778,1.0,0.5837602288603553,0.1055817976182556,0.1525517593933714,0.2031468298849045,0.01230789701284013,0.7574180027942252,0.01601689840995276,0.011110371898077306,0.7565887156644395,0.1809576837416481,0.062453600593912396,0.8882873224336639,0.08193513803269901,0.029777539533637095,0.12178165125407492,0.20469363315813985,0.058030071186215164,0.3845053555984299
Bushwick North,0.05555555555555555,1.0,0.4900055889798468,0.06322122497287701,0.12626793578633327,0.6742446658118815,0.15208600453693658,0.09221816747213728,0.06568695137587534,0.01576421080316928,0.5289738116311762,0.27161972197636275,0.19940646639246107,0.7661917935724074,0.1748584430023011,0.058949763425291526,0.06981293355689253,0.09534142091593516,0.02210934674688497,0.18726370121971267
Bushwick South,0.4444444444444444,1.0,0.5101129288161806,0.09992933615988693,0.12782640858093947,0.5490713704785142,0.14510086263216138,0.2561897524099036,0.034118635254589816,0.015519379224831006,0.581581352833638,0.26062614259597805,0.1577925045703839,0.7587384165176394,0.18251097382539425,0.05875060965696635,0.08582323373731718,0.12718157940349056,0.032425369651880594,0.2454301827926883
Canarsie,0.027777777777777776,1.0,0.560152545633551,0.11686489300304413,0.084698813151222,0.061866986544750875,0.045808955831928205,0.8474317335656976,0.028392952120135345,0.016499371937487975,0.41343236740244793,0.3187920633260104,0.2677755692715416,0.7404587918143131,0.1710042216985131,0.08853698648717384,0.05258750438512114,0.08093519073862415,0.029026672852988107,0.1625493679767334
Carroll Gardens-Columbia Street-Red Hook,0.16666666666666666,1.0,0.527753573699456,0.10686950992628877,0.08187251795098079,0.18927065916209407,0.6071167840237384,0.10908320184631326,0.053246355650801866,0.041282999317052496,0.31721053503395724,0.21478659378278397,0.4680028711832588,0.374585635359116,0.31485398579321233,0.3105603788476717,0.05447095118102819,0.10566846431010526,0.023337964816428417,0.1834773803075619
Clinton Hill,0.16666666666666666,1.0,0.5307204760056914,0.09838313284180572,0.07928511980375838,0.110128055878929,0.40119001422843104,0.381891087828224,0.06348467209934032,0.04330616996507567,0.36120782427043113,0.2909413179717668,0.3478508577578021,0.4324223137401722,0.3281168101834519,0.2394608760763759,0.06855516750743759,0.0965205018755659,0.02121329711550899,0.18628896649851248
Crown Heights North,0.5277777777777778,1.0,0.5500868071760598,0.10677282655366176,0.09333973743195643,0.12308884201093954,0.15730767076745011,0.65915582354808,0.0304478503556294,0.02999981331790095,0.5747437588209435,0.25533883991578166,0.16991740126327481,0.6839262330859887,0.1959706460061109,0.12010312090790047,0.0943117964418392,0.15364870162600108,0.04109806410663282,0.2890585621744731
Crown Heights South,0.0,0.0,0.5299556741814022,0.11338830370335065,0.12589611951343602,0.08183594680901768,0.28154044135169914,0.6002812068061579,0.012725799532910729,0.02361660550021448,0.5400440852314474,0.3081290494956917,0.15182686527286088,0.6847294264797852,0.18868410403561048,0.12658646948460436,0.057146942471760165,0.10206853820122967,0.029765025499261237,0.1889805061722511
Cypress Hills-City Line,0.0,0.0,0.5194380253174912,0.07587067220188552,0.07880434782608696,0.6157590134767582,0.031861592261600444,0.2455673940162376,0.0803288410805947,0.0264831591648091,0.5438237163641501,0.3074369658874214,0.14873931774842855,0.8716408997412248,0.09030588547541636,0.03805321478335877,0.06300742346469253,0.092619480970981,0.017362318247816932,0.17298922268349046
DUMBO-Vinegar Hill-Downtown Brooklyn-Boerum Hill,0.1388888888888889,1.0,0.5187359450822583,0.08966741626227956,0.08790642347343379,0.20572848857853,0.4484317670730264,0.19476861167002013,0.11087702686708488,0.04019410581133863,0.32806369064543645,0.19198180267273243,0.4799545066818311,0.4010782860926317,0.3191033199861273,0.27981839392124097,0.11319682802698545,0.2565037282518641,0.05330808379689904,0.4230086400757486
Dyker Heights,0.0,0.0,0.5140702312705713,0.1478518647688384,0.08426891502107832,0.11221309152734486,0.4667916385116725,0.008021448656189376,0.4026200492621575,0.010353772042635745,0.44965452471993017,0.2892600791574428,0.26108539612262693,0.7321889479740026,0.1684858662188637,0.09932518580713376,0.02125247945593653,0.03949691566580204,0.01299125923665453,0.0737406543583931
East Flatbush-Farragut,0.08333333333333333,1.0,0.5704679181843654,0.15462781357990102,0.08171148964350097,0.06524703465022882,0.016605958718595312,0.8838516858130195,0.016755393667694032,0.017539927150462313,0.4710605733994396,0.3384888984694977,0.19045052813106272,0.760146804835924,0.15579123488773747,0.08406196027633851,0.06558326328570094,0.09248155412347064,0.029980386662930788,0.1880452040721024
East New York,1.0,1.0,0.54770879213959,0.09517406403523633,0.11284312053973745,0.2697992546162968,0.01712053193291547,0.6615915636117229,0.028650686091817718,0.022837963747247163,0.6287258734424628,0.24343391155631566,0.12784021500122159,0.8524688810948353,0.10642321711024,0.0411079017949247,0.1085994409622226,0.1808084872098933,0.03850796205319329,0.32791589022530915
East New York (Pennsylvania Ave),0.3611111111111111,1.0,0.5563215268108805,0.07715556762997929,0.15664946407304484,0.2347607566135769,0.01901721737358644,0.7278839949740211,0.006723944714232349,0.01161408632458315,0.6657406488738963,0.22303799980156763,0.11122135132453616,0.8909525979945305,0.07811075660893345,0.030936645396536008,0.11603898529561585,0.19530003056338507,0.04557340306313037,0.3569124189221313
East Williamsburg,0.19444444444444442,1.0,0.5158538279838821,0.1263304154508823,0.07985414767547858,0.2976517993608448,0.4413505627344727,0.08684173961372793,0.1538974572738641,0.020258441017090453,0.47820095214232017,0.24855925833124531,0.27323978952643446,0.5806733393994541,0.3036214740673339,0.11570518653321203,0.08595248020008336,0.1382242601083785,0.034153119355286934,0.2583298596637488
Erasmus,0.08333333333333333,1.0,0.5611856324402209,0.12635081820988714,0.10088895160152392,0.09753336306562832,0.04219698788980754,0.8224638924148341,0.01540361590449072,0.022402140725239286,0.5539639908485029,0.2999104744852283,0.14612553466626876,0.7900854879065888,0.1423582151793161,0.06755629691409508,0.1120450101204158,0.17304195684243026,0.055267762187382066,0.3403547291502281
Flatbush,0.05555555555555555,1.0,0.5372055994772349,0.10770066173966664,0.08504962891723675,0.18949315711485187,0.22419077245911292,0.4515936053307318,0.10242699235179883,0.03229547274350455,0.5086417824977874,0.3084491644541621,0.18290905304805039,0.6652473160312165,0.20426084407153527,0.13049183989724833,0.052313327749809034,0.08959715792476967,0.02426992351798846,0.16618040919256716
Flatlands,0.027777777777777776,1.0,0.5389164598842018,0.13331954783567687,0.09904076738609112,0.085456299972429,0.15795423214778054,0.6980011028398125,0.04146677695064792,0.017121588089330026,0.3637585056126208,0.3302994842456551,0.30594201014172406,0.6900457147563939,0.19336106420658128,0.11659322103702485,0.04838709677419355,0.0764957264957265,0.0213950923628343,0.14627791563275433
Fort Greene,0.1388888888888889,1.0,0.5499867934495509,0.12562731114632858,0.10244167774688746,0.2140121500264131,0.281959852086635,0.3705097728473323,0.09696909667194928,0.03654912836767036,0.4479750280134464,0.24787898191131738,0.30414599007523613,0.5189669459534113,0.24555749930945586,0.2354755547371329,0.10251584786053884,0.2220351294241944,0.0411053882725832,0.3656563655573165
Georgetown-Marine Park-Bergen Beach-Mill Basin,0.0,0.0,0.5171364876971477,0.16115590557743192,0.07135636057287277,0.10663166447902994,0.6761255911827823,0.1265079067441715,0.07458799508302602,0.016146842510990272,0.31850131045985225,0.2803788420300215,0.40111984751012625,0.6229722340360897,0.22212771128258094,0.15490005468132936,0.03704398191553639,0.07510886097047732,0.01433422922265975,0.12648707210867347
Gravesend,0.0,0.0,0.5404450607501321,0.18234944532488115,0.10848681834597328,0.14286185948230326,0.5036648177496038,0.07871104067617539,0.24874537770734284,0.026016904384574747,0.5747692307692307,0.24272527472527472,0.1825054945054945,0.6907630522088354,0.18799905504370426,0.12123789274746045,0.042591125198098254,0.0731973058637084,0.018258055995773903,0.13404648705758054
Greenpoint,0.0,0.0,0.520584090432071,0.09714851128901683,0.05539499036608863,0.13013103055380648,0.754610056669965,0.022068303798986538,0.05846901142394531,0.03472159755329675,0.34337387359001825,0.3094712962379482,0.3471548301720335,0.43738209258453054,0.3546655057321144,0.2079524016833551,0.05025336571617043,0.09079188030343918,0.021168780546310457,0.16221402656592007
Homecrest,0.0,0.0,0.5097942312876269,0.14246563033516038,0.08158660114331563,0.1000539131997484,0.7788884895318537,0.009592056788570402,0.08659807709587564,0.02486746338395184,0.48449438202247186,0.2721669341894061,0.243338683788122,0.6219317154578958,0.2332939294902997,0.14477435505180447,0.03567256716686135,0.06089945188246922,0.013006559439302722,0.1095785784886333
Kensington-Ocean Parkway,0.027777777777777776,1.0,0.5047775772374987,0.106407261917401,0.06497398778556887,0.16073893194606645,0.4978235481473618,0.07118590083873022,0.22337827794882684,0.046873341119014755,0.4731739380494619,0.30449428970503656,0.2223317722455016,0.5979619223349828,0.2350079677933406,0.1670301098716766,0.028771631808047562,0.047351098842764616,0.016933857097356408,0.0930565877481686
Madison,0.0,0.0,0.5101191366332686,0.174069089277703,0.0582010582010582,0.08651114101988934,0.6541797517571407,0.013633418074871641,0.2216489706395494,0.024026718508548924,0.4391081772868113,0.28209618752525933,0.27879563518792944,0.5904597132970836,0.2479697761457524,0.16157051055716404,0.03686256916404965,0.04912516823687752,0.012486914909525946,0.09847465231045313
Midwood,0.0,0.0,0.5178634992599809,0.14901549356464394,0.09170175662455872,0.07267175000468366,0.7471570151938101,0.052719336043614284,0.11139629428405493,0.016055604473837047,0.5230250842381131,0.23907578755950154,0.2378991282023854,0.5748632905373277,0.2455123632905373,0.17962434617213505,0.027708563613541414,0.04503812503512749,0.011933979054649008,0.0846806677033179
North Side-South Side,0.19444444444444442,1.0,0.4966316951960243,0.06922510583471378,0.058566996429198624,0.3488312166390576,0.5258788882753543,0.029099944781888463,0.07047671636296705,0.025713233940732563,0.38817325149131154,0.23225555459496844,0.3795711939137201,0.444148542683829,0.3599891502687774,0.1958623070473936,0.07551997055034051,0.11704399042886067,0.023670163813730903,0.21623412479293208
Ocean Hill,0.3055555555555555,1.0,0.5457163850110213,0.10489346069066864,0.10226135681408843,0.20358559882439384,0.03850110213078619,0.7275826598089641,0.018750918442321823,0.011579720793534165,0.6349306930693069,0.25996039603960397,0.1051089108910891,0.8119629558907772,0.1388676723314875,0.04916937177773535,0.1050991917707568,0.1731373989713446,0.04626010286554005,0.32449669360764144
Ocean Parkway South,0.0,0.0,0.5051051616242412,0.1382863595727662,0.06356606777348192,0.08154142944525479,0.8255305133392933,0.010774949418905564,0.050910459699807085,0.031242648096739285,0.47379976580796257,0.2495608899297424,0.2766393442622951,0.605185669883854,0.22313103222640274,0.17168329788974318,0.02310262080647438,0.041782336611301936,0.013315767185809062,0.07820072460358538
Park Slope-Gowanus,0.3055555555555555,1.0,0.518847876991378,0.09045627427890797,0.04718330598678951,0.16670050486593305,0.6691300875732596,0.04412501184336974,0.07007214304083594,0.04997225267660157,0.2022987767682281,0.2376793912736379,0.5600218319581339,0.2434666474155357,0.35973144672249496,0.3968019058619694,0.040619374399371966,0.07000446664230316,0.02068190739161625,0.13130574843329135
park-cemetery-etc-Brooklyn,0.0,0.0,0.4106666666666667,0.013333333333333334,0.08709677419354839,0.22666666666666666,0.5786666666666667,0.06133333333333332,0.07466666666666667,0.058666666666666666,0.1333333333333333,0.35757575757575755,0.5090909090909091,0.36666666666666653,0.43666666666666665,0.19666666666666666,2.861333333333333,5.386666666666668,0.8613333333333333,9.109333333333334
Prospect Heights,0.1111111111111111,1.0,0.5133460205923974,0.1027180012687259,0.05596959308391713,0.1143317230273752,0.5058312594544478,0.24837749475430634,0.07295173961840629,0.0585077831454643,0.30854142106955307,0.23909548815775372,0.4523630907726932,0.32252073789773433,0.32741116751269034,0.3500680945895753,0.04928512174888987,0.08012492070463086,0.020153223051773774,0.1495632655052945
Prospect Lefferts Gardens-Wingate,0.08333333333333333,1.0,0.5524415033951818,0.14086760953245964,0.10420403587443948,0.10515692804521144,0.14686504332280897,0.7016709196545708,0.02182719893891556,0.024479910038493147,0.5473486273034975,0.28627303497555473,0.1663783377209477,0.7270903010033445,0.16780936454849502,0.10510033444816054,0.07756296584634459,0.12779147384052014,0.0373253752000346,0.2426798148868993
Rugby-Remsen Village,0.027777777777777776,1.0,0.5636896570213222,0.1435899269003235,0.09633354732862544,0.07000768529606262,0.017604689817876357,0.8891887544458544,0.010866651176922664,0.012332219263283945,0.5333076441404556,0.30687346466933196,0.15981889119021242,0.7866391148544375,0.14367921320394444,0.06968167194161806,0.07236689245947346,0.1022144376329288,0.038909045414737886,0.21349037550714015
Seagate-Coney Island,0.1111111111111111,1.0,0.5526165043636486,0.19264076557603527,0.1751731213131572,0.2620210937763251,0.3105435185497186,0.2979074704316474,0.10540148936887153,0.024126427873437342,0.6866405609689463,0.19087514798287952,0.12248429104817413,0.7679329157405537,0.15235401091129522,0.07971307334815114,0.09330457930383801,0.1747818175691613,0.04636587256124272,0.314452269434242
Sheepshead Bay-Gerritsen Beach-Manhattan Beach,0.0,0.0,0.52455010332916,0.19149834824189585,0.09768543830872972,0.08762614454014753,0.6553482268112772,0.07151584631861584,0.17007828880877318,0.015431493521186248,0.47541797083746856,0.26960073288037256,0.25498129628215893,0.5953627831515823,0.25034399194956153,0.1542932248988561,0.04306638709969378,0.06961519315764862,0.01974567450560391,0.1324272547629463
Starrett City,0.0,0.0,0.6069583467872134,0.2911688731030029,0.10393374741200828,0.17823700355182434,0.2227155311591863,0.5502098805295447,0.024701323861801745,0.024136260897642883,0.7523408239700374,0.1992821473158552,0.04837702871410737,0.8109965635738832,0.11200601374570447,0.07699742268041238,0.03503390377784953,0.05093639005489183,0.014288020665159832,0.1002583144979012
Stuyvesant Heights,0.5555555555555556,1.0,0.5380504965044307,0.11117543156551038,0.13155080213903744,0.17981030413679475,0.09665879978032092,0.6684626916625848,0.033590120378204275,0.021478084042095263,0.5699992152554343,0.24205446127285568,0.18794632347170995,0.7298842841765342,0.17624237531395767,0.09387334050950844,0.08969734752341511,0.1397633996823559,0.041516379451099136,0.2709771266568702
Sunset Park East,0.0,0.0,0.4944885177453027,0.08090466249130132,0.08101595940697905,0.3187334725121781,0.12677800974251913,0.01454418928322895,0.5280167014613779,0.011927627000695893,0.6124579631581588,0.27229834864227276,0.11524368819956834,0.8503725654405291,0.1002168824754665,0.04941055208400438,0.04090466249130132,0.06335421016005567,0.015017397355601947,0.11927627000695895
Sunset Park West,0.0,0.0,0.4698224027049166,0.0886243616780243,0.08770444617520573,0.6360388308904265,0.1696672882862471,0.031667741429492656,0.14721926904508775,0.015406870348746014,0.5222036528590187,0.2700250686403247,0.20777127850065658,0.7626764918066578,0.1431516025971349,0.09417190559620736,0.05753176359865453,0.11799152970702545,0.02574202206459034,0.20126531537027031
West Brighton,0.0,0.0,0.5592865304049766,0.35286276501206043,0.08870657607998975,0.02723117938301384,0.9477592992255937,0.011235241843341374,0.009457915450044431,0.004316364098006855,0.5703393999016233,0.2669699950811608,0.16269060501721597,0.4905105193467706,0.2865234662351037,0.22296601441812566,0.09635648089374127,0.16960771867462232,0.03262663450552241,0.298590834073886
Williamsburg,0.027777777777777776,1.0,0.4865993425533805,0.07572482009062102,0.044107965766951945,0.08138123019516096,0.8746113068972665,0.03666301418544733,0.0033760772351704325,0.003968371486954719,0.752495490078172,0.16608538785327723,0.08141912206855081,0.9185772444825371,0.047568030854938936,0.033854724662524115,0.016258477211478658,0.03305001924956318,0.009239790327834868,0.05854828678887671
Windsor Terrace,0.027777777777777776,1.0,0.5363805546729609,0.11760700830647725,0.04226116625310174,0.13077027824429213,0.6749580137079569,0.04788706822205074,0.11710771186056013,0.029276927965140028,0.2724685276409414,0.2738916256157635,0.45363984674329505,0.352717763526555,0.3321088350663097,0.3151734014071353,0.01933638963279016,0.030910989060868775,0.010666787708229312,0.06091416640188825
Battery Park City-Lower Manhattan,0.027777777777777776,1.0,0.514310077180401,0.05979841266370772,0.03802750118539592,0.08658197957889674,0.6480967269388023,0.024050549883026868,0.21179788792443754,0.029472855674836568,0.17495696294282864,0.18107275527770228,0.643970281779469,0.15381443298969072,0.455699558173785,0.3904860088365243,0.052823753197629934,0.14030216236307586,0.023810044384196604,0.2169359599449024
Central Harlem North-Polo Grounds,0.4444444444444444,1.0,0.5355645612073784,0.095933482392398,0.14507548199345216,0.2592696105831936,0.0904835103409726,0.5981227874045091,0.02032094279858394,0.03180314887274083,0.6103294490001439,0.242641346568839,0.14702920443101714,0.689008321775312,0.1832004160887656,0.12779126213592232,0.06389742873113471,0.14867477175330726,0.03380613005403391,0.2463783305384759
Central Harlem South,0.3055555555555555,1.0,0.5284160095817946,0.08877133446451743,0.07403019300592395,0.19642678910070865,0.1991017067571614,0.5234254915660246,0.05232059087733307,0.028725421698772333,0.47423737503204305,0.2409125865162779,0.284850038451679,0.5582386363636364,0.2288068181818182,0.21295454545454545,0.08342149915161194,0.19756462720830426,0.03804770935223077,0.3190338357121469
Chinatown,0.1388888888888889,1.0,0.4771036571784935,0.16974030023609069,0.08240299953658843,0.1470889571918571,0.17744665686667555,0.0549467682302107,0.5865740122054435,0.033943605505813185,0.5711065911714585,0.2307184871639822,0.1981749216645594,0.6576091552273304,0.2395072864109141,0.1028835583617555,0.077041293598824,0.16105394449641408,0.02585861285580649,0.26395385095104457
Clinton,0.1388888888888889,1.0,0.4479714627593525,0.11342650080148105,0.05894801410826561,0.1938906825006209,0.56214300228027,0.056668096538956485,0.15844490100015804,0.02885331767999458,0.34611312764670293,0.23699334543254685,0.41689352692075016,0.2885089505841998,0.42877050058955946,0.2827205488262408,0.12132842661368612,0.2316618878829612,0.043302553450883886,0.3962928679475312
East Harlem North,0.6666666666666666,1.0,0.5413969949697695,0.11520374891448608,0.09488682688201264,0.4784453802166112,0.08497321033573102,0.3583916370369157,0.05467713129393259,0.023512641116809493,0.6976121774766864,0.1922803496006356,0.11010747292267806,0.7382421845479508,0.15930674862080255,0.10245106683124668,0.09863839688027397,0.27694122658976583,0.04591109436188167,0.4214907178319215
East Harlem South,0.4444444444444444,1.0,0.5418471987553741,0.128611338809241,0.11260302197802198,0.4328253341586229,0.21744149087441655,0.2292855111497733,0.0979139133780551,0.02253375043913211,0.5893502930539967,0.22812487010017873,0.1825248368458245,0.6037292685265075,0.22965199884958296,0.1666187326239095,0.05813272663398966,0.13771182896431738,0.027736420362346723,0.22358097596065374
East Village,0.3611111111111111,1.0,0.4923295058342244,0.0941843707870392,0.054536544385326235,0.10859560225001162,0.6791409046534331,0.05043931012040352,0.13846404165310772,0.023360141323044026,0.3869452397995705,0.23375984251968507,0.3792949176807444,0.2942361704725852,0.437629747221883,0.2681340823055318,0.08044721305378644,0.12942215610617824,0.019013527962437826,0.2288828971224025
Gramercy,0.0,0.0,0.551387793157857,0.1115613569533099,0.059091369017504815,0.07498386287025748,0.7101771498242846,0.03937459657175644,0.1435128738435057,0.03195151689019579,0.19721888896731843,0.2342062539704948,0.5685748570621867,0.1876734615752704,0.452866302995502,0.3594602354292277,0.07853403141361258,0.12597719285663056,0.021516172990030842,0.226027397260274
Hamilton Heights,0.3055555555555555,1.0,0.4924773367867754,0.10373657347451816,0.09523041697571673,0.4580825778928925,0.1668126761636322,0.29565018663822656,0.035480307762626645,0.04397425154262207,0.5325600748985748,0.29356080307916366,0.17387912202226152,0.6636530922473798,0.19060191481985225,0.14574499293276796,0.06515197684162413,0.15835682181762778,0.03875599908585359,0.2622647977451055
Hudson Yards-Chelsea-Flat Iron-Union Square,0.0,0.0,0.4798264361116508,0.11547179586814325,0.05071441825941733,0.14037950909915162,0.6314487403665565,0.05736675085810505,0.14379897675021047,0.027006022925976297,0.27765644288291713,0.18758902288481627,0.5347545342322666,0.25579287202404616,0.39827287329633104,0.34593425467962274,0.0,0.0,0.0,0.0
Lenox Hill-Roosevelt Island,0.027777777777777776,1.0,0.5562759746986631,0.1662868216109493,0.03572530269144752,0.09033406052333304,0.7199059121765731,0.03896357143727682,0.11955978598676432,0.0312366698760527,0.24189509152171934,0.23640834168108552,0.5216965667971951,0.21688917143462602,0.3814064723155632,0.4017043562498108,0.02126726060620833,0.03541699674592631,0.0069468988799649,0.06363115623209954
Lincoln Square,0.0,0.0,0.5412541254125413,0.1800438927141445,0.049967465567725834,0.1006851954230956,0.7200750531905983,0.03439379470942018,0.11946524601698748,0.025380710659898477,0.23016383402235494,0.19329352319706017,0.5765426427805849,0.1951907715927716,0.3123301313305255,0.4924790970767029,0.03963746628469954,0.0908344641570756,0.01965120369905011,0.15012313414082526
Lower East Side,0.7222222222222222,1.0,0.5470881589251123,0.17946392998942148,0.09022192658886134,0.3957328717251233,0.2197584799901084,0.1100028850513127,0.24167113162703155,0.032834631606424046,0.6336206896551725,0.17397551224387806,0.19240379810094954,0.6562307720149119,0.2335770386188425,0.1101921893662456,0.051381390045199135,0.11787495363310392,0.03203780791053593,0.20129415158883895
Manhattanville,0.0,0.0,0.5452125411983436,0.11028479675483817,0.0867786207484443,0.5654102932476971,0.09959435477055692,0.2719090678610665,0.03988844756190315,0.023197836558776306,0.7031913602718116,0.1843222909841039,0.11248634874408446,0.7003379886486831,0.16593329507046745,0.13372871628084942,0.0779599425335925,0.19428716301867655,0.040015211696104114,0.3122623172483732
Marble Hill-Inwood,0.05555555555555555,1.0,0.5215352783736071,0.11748068563618763,0.12266845315750502,0.7344013970881342,0.15882386439133653,0.07509348721550464,0.016438564188227256,0.01524268711679733,0.5688198562208112,0.2810515820958178,0.1501285616833709,0.7078714122975188,0.17026478841932705,0.12186379928315412,0.041589947039729694,0.07249292913953798,0.014369507032896113,0.1284523832121638
Midtown-Midtown South,0.0,0.0,0.516162669447341,0.1507676818525044,0.052083333333333336,0.08295278846499586,0.6236381287979577,0.041278630757613885,0.21678472546833988,0.03534572651109274,0.3024440575224092,0.1459340942800026,0.5516218481975882,0.2171389396709324,0.3786563071297989,0.4042047531992688,0.5152997015569379,0.8311819064398979,0.09744345762468087,1.4439250656215166
Morningside Heights,0.08333333333333333,1.0,0.5534101699964623,0.12622190775876516,0.06816491778897794,0.2197665108831251,0.4836985867763979,0.11106559666337723,0.14942186307185282,0.03604744260524699,0.438066152492365,0.2188519074486257,0.34308194005900927,0.3435900523875474,0.2703077015716264,0.38610224604082616,0.044631053680153424,0.08432792745824566,0.01964362187424358,0.14860260301264264
Murray Hill-Kips Bay,0.0,0.0,0.5371541005567882,0.14800937748566165,0.03949817108387345,0.11989785238832837,0.6128856700297233,0.04178004772470381,0.1914221124461004,0.034014317411144135,0.27414712767182164,0.2436010591350397,0.4822518131931386,0.26162987672982196,0.4226368872325454,0.3157332360376326,0.04803868212835433,0.06857286390086657,0.014945367773265791,0.1315569138024867
SoHo-TriBeCa-Civic Center-Little Italy,0.0,0.0,0.5028036948277066,0.11549826659531401,0.04206378986866792,0.06605551548430627,0.6526443146653017,0.023802322064263942,0.21594266967588824,0.041555178110239885,0.2513197969543147,0.17380710659898477,0.5748730964467006,0.253831891223733,0.41795426452410384,0.3282138442521632,0.12890016054352124,0.28474371204541754,0.036529467879662166,0.45017334046860097
Stuyvesant Town-Cooper Village,0.0,0.0,0.6006895909048551,0.1729568539744665,0.02625090645395214,0.08284409654272668,0.7396328394371448,0.033920417482061316,0.11443481502189914,0.02916783151616811,0.2597328244274809,0.2583969465648855,0.4818702290076336,0.1830518882407123,0.3904206324838809,0.4265274792754068,0.00806075854999534,0.009598359891901966,0.002655856863293263,0.02031497530519057
Turtle Bay-East Midtown,0.0,0.0,0.540078181671637,0.22940678649149676,0.029974341031024025,0.06462077859272991,0.7439147255581526,0.018477472394615942,0.15249455952285002,0.020492463931651488,0.2076851436652754,0.21820565002931944,0.5741092063054052,0.18479971807823328,0.4299306942323505,0.38526958768941616,0.056883211090513426,0.08589908922382526,0.01666398001128395,0.15944628032562266
Upper East Side-Carnegie Hill,0.0,0.0,0.5594012936698923,0.27827556192719266,0.033711093375897845,0.07048623555714846,0.8363627054426297,0.010274264843923336,0.061406652671820876,0.021470141484477668,0.1650724336313856,0.18787689748388436,0.6470506688847301,0.15501703246949247,0.36865594411625197,0.4763270234142555,0.06613417985083543,0.09683750618674586,0.012015087126448552,0.17498677316402986
Upper West Side,0.1111111111111111,1.0,0.5501458748386423,0.18933882509196456,0.054457058366538864,0.16390213327960962,0.6579664077481551,0.0720420238921347,0.07914549429558496,0.026943940784515633,0.2889640051160241,0.21360923320543274,0.4974267616785432,0.26626947754353797,0.3235002525299762,0.4102302699264857,0.039375013990553584,0.0808765921249972,0.02161633798192793,0.14186794409747872
Washington Heights North,0.1111111111111111,1.0,0.5101396841804605,0.13712715748813298,0.10565371878852337,0.643472110768059,0.2594970281408539,0.052935816003155466,0.027583205255498282,0.016511839832433386,0.5109486227174249,0.2898870318786753,0.19916434540389974,0.6144865109952392,0.22141615657825134,0.16409733242650948,0.03870897542265685,0.06159977150007481,0.01531493546237232,0.11562368238510398
Washington Heights South,0.16666666666666666,1.0,0.50113542973312,0.11997707513300747,0.1298401003292052,0.7286755482503569,0.124097063021757,0.09989618928154333,0.032473290367230415,0.014857909079112419,0.5655572623314559,0.2709336064174774,0.16350913125106672,0.7120266829464406,0.1876442472341756,0.10032906981938383,0.04326527964012284,0.08130758250789394,0.016999005147281455,0.14157186729529825
West Village,0.05555555555555555,1.0,0.5022913796202001,0.1475019469238603,0.04515654268129515,0.06038459234409632,0.8036302641825915,0.02005331576109746,0.0859791529383574,0.02995267477385731,0.22673819975071807,0.20882783287270362,0.5644339673765784,0.15604926523067916,0.4438262906502205,0.4001244441191004,0.10094051398789912,0.1532977894926017,0.01943928592823339,0.2736775894087342
Yorkville,0.0,0.0,0.5697728782696425,0.16774526932257192,0.04176217364566445,0.10338591008637024,0.7459337089987449,0.030684810157730263,0.08923693988533182,0.030758630871822637,0.2548075831535929,0.24856396866840733,0.4966284481779998,0.2106827141321228,0.4350734679249791,0.3542438179428981,0.01959939959152538,0.02931912694702133,0.006865326410590812,0.055783852949137534
Astoria,0.027777777777777776,1.0,0.5134365453321597,0.12750478952001246,0.06926634221208021,0.26908041215761397,0.4991844871330192,0.03715114171801377,0.16583389426810954,0.028750064723243412,0.42694828841951926,0.3182228696285506,0.25482884195193006,0.5291070144472773,0.3000751781395045,0.17081780741321828,0.051804484026303534,0.10461865064982136,0.028620618236421064,0.185043752912546
Auburndale,0.0,0.0,0.5059925275365131,0.16953758066863991,0.05988805970149254,0.13256344315590274,0.3678975205007521,0.010383812897277888,0.4613033140860789,0.027851909359988353,0.3004180481476143,0.3452501081159003,0.3543318437364855,0.629747040175972,0.212589765154946,0.15766319466908196,0.027027027027027032,0.03459653549420156,0.0125188024649425,0.07414236498617109
Baisley Park,0.08333333333333333,1.0,0.5279050129225415,0.110622073236265,0.10468734805017993,0.13132372885693086,0.010747460272780776,0.7098441618260447,0.053967604084034906,0.09411704496020881,0.39376538146021334,0.355938383009753,0.2502962355300337,0.8279324861921131,0.11525240431037813,0.05681510949750879,0.06709485913150286,0.10245912126717674,0.016991222907443898,0.18654520330612348
Bayside-Bayside Hills,0.0,0.0,0.5158256062767475,0.17276658345221113,0.060552541945250414,0.13355920114122682,0.4154778887303852,0.016182239657631953,0.4177291369472183,0.0170515335235378,0.29400880495119,0.3188923626619026,0.38709883238690745,0.5757211899258547,0.25251403356047186,0.17176477651367333,0.033657275320970036,0.04850213980028531,0.01415388730385164,0.09631330242510698
Bellerose,0.0,0.0,0.5126690444345371,0.1396938623866845,0.05664836840500152,0.2044137316094516,0.2762669044434537,0.06334522217268539,0.4181899242086491,0.03778421756576014,0.336181640625,0.308837890625,0.35498046875,0.6601810199989161,0.20112731017289034,0.1386916698281936,0.02474364690147124,0.02990786149502155,0.01341209689404072,0.06806360529053351
Breezy Point-Belle Harbor-Rockaway Park-Broad Channel,0.027777777777777776,1.0,0.4898913004992387,0.1976773005700528,0.06610375779704854,0.1228268951598626,0.7780334950253159,0.061112488050136325,0.023616471338030662,0.014410650426654393,0.3133487297921478,0.30189376443418015,0.38475750577367207,0.6171327815056079,0.21726992212372045,0.1655972963706715,0.042169741174804376,0.06946854087738555,0.025953333569380024,0.13759161562156993
Briarwood-Jamaica Hills,0.027777777777777776,1.0,0.512220538082607,0.12656309208033345,0.10515367634572932,0.2699649488442592,0.16625615763546794,0.1158582796513831,0.393543956043956,0.05437665782493368,0.3940009811479431,0.33667390847291334,0.2693251103791436,0.6072540576349784,0.2523352103345479,0.14041073203047366,0.03668529746115953,0.047579575596816984,0.015062523683213338,0.09932739674118984
Cambria Heights,0.0,0.0,0.5486032947917733,0.20515706538422185,0.06899554867427908,0.05192878338278932,0.011613629387086872,0.9045840581193084,0.007060268085541798,0.02481326102527371,0.2816970892945239,0.3246176615688209,0.39368524913665515,0.690114464099896,0.1841831425598335,0.12570239334027056,0.04328251304614755,0.04604522664483782,0.016883249769773866,0.10621098946075924
College Point,0.0,0.0,0.5037294685990338,0.13406763285024156,0.06425186731989399,0.3790917874396135,0.2404251207729469,0.021487922705314008,0.32320772946859905,0.03578743961352657,0.4579724910850739,0.3214467651553744,0.2205807437595517,0.7982096020070704,0.1428897251682062,0.058900672824723464,0.02732367149758454,0.041507246376811587,0.01750724637681159,0.08633816425120773
Corona,0.027777777777777776,1.0,0.4757786647562514,0.1056868965987787,0.059641036385222425,0.6146931395626514,0.0679391396308805,0.16211237334970832,0.14334936717497354,0.011905980281786238,0.5491798353662201,0.3098600012017064,0.14096016343207354,0.8445926278743616,0.1117461829536133,0.043661189172025085,0.03150479309521373,0.05209292805239996,0.015539180568348512,0.0991369017159622
Douglas Manor-Douglaston-Little Neck,0.027777777777777776,1.0,0.5379982904654597,0.2019970471676121,0.054239820694807615,0.1190457689020126,0.4638278032481156,0.015890900613878312,0.3751651254953765,0.026070401740616984,0.2851094589012805,0.3131970260223048,0.4016935150764147,0.5156014744821141,0.27189657857847466,0.21250194693941124,0.024088895796099158,0.029761442225503143,0.010801150050508973,0.06465148807211127
East Elmhurst,0.027777777777777776,1.0,0.4967830882352941,0.13056066176470588,0.08092918696140877,0.622610294117647,0.05372242647058824,0.22573529411764706,0.07927389705882353,0.01865808823529412,0.5150065963060686,0.2895778364116095,0.19541556728232187,0.843645769518753,0.11013545708256756,0.04621877339867946,0.06332720588235294,0.10749080882352942,0.027849264705882355,0.1986672794117647
East Flushing,0.0,0.0,0.4957633530034801,0.1575124829777576,0.060152074079650675,0.1911408685126343,0.1425329096686337,0.016719624754123166,0.624451505522772,0.02515509154183689,0.5106637910376228,0.2618020608674814,0.22753414809489575,0.7416771594056912,0.1793502895995971,0.07897255099471166,0.02262066878499017,0.028294749583900738,0.009948555000756544,0.06086397336964745
Elmhurst,0.0,0.0,0.4911370617835841,0.122491423926945,0.062332530995958035,0.4319472168102985,0.05991896059189845,0.02072600791269737,0.4634904318515951,0.023917382833510633,0.5497302325581395,0.28491162790697677,0.16535813953488374,0.7511288758069371,0.17806134394755327,0.07080978024550959,0.051707445346210384,0.11429186139631616,0.013805385893405688,0.17980469263593224
Elmhurst-Maspeth,0.0,0.0,0.5069916855631141,0.12482993197278912,0.05271167681239624,0.2712773998488284,0.13560090702947847,0.007029478458049887,0.5751700680272109,0.010922146636432352,0.4330318423987114,0.35311609465989346,0.2138520629413951,0.6968057965098481,0.2072150219410144,0.09597918154913766,0.034656084656084656,0.04527588813303099,0.01383219954648526,0.0937641723356009
Far Rockaway-Bayswater,0.0,0.0,0.5432330827067671,0.13165266106442575,0.08378621250374428,0.26750700280112044,0.26500073713696004,0.41279669762641896,0.034571723426212585,0.020123839009287926,0.5622788605697151,0.2693853073463268,0.16833583208395803,0.7554722273032132,0.14697274556429485,0.09755502713249192,0.07502211410880141,0.107640424590889,0.03862597670647206,0.22128851540616248
Flushing,0.0,0.0,0.5347185877760018,0.1646463074812227,0.0587072773773541,0.14460302417358584,0.0774997524647439,0.04244876020198877,0.7091248567831733,0.026323606376508196,0.616383151858023,0.2447010501026853,0.13891579803929166,0.7757335301716184,0.14744417789260011,0.07682229193578151,0.05358077429028106,0.10126313704966264,0.01922288074458605,0.17406679208452974
Forest Hills,0.0,0.0,0.5340398238781477,0.1806635772151021,0.05716048332198775,0.1517028579353064,0.5331730824791115,0.027781950977106472,0.2556309299557384,0.03171117865273717,0.35572367415558614,0.3037342707218911,0.3405420551225227,0.4333468425871722,0.3047087254769517,0.2619444319358761,0.0215529694560331,0.04184627474546694,0.010065756780806878,0.07346500098230692
Fresh Meadows-Utopia,0.0,0.0,0.523475935828877,0.15508021390374332,0.08580152671755725,0.1246524064171123,0.3200534759358289,0.029786096256684488,0.4812299465240642,0.044278074866310156,0.3644144144144144,0.2948948948948949,0.3406906906906907,0.5316417686359883,0.2697995645972525,0.19855866676675926,0.02267379679144385,0.04037433155080214,0.00732620320855615,0.07037433155080214
Ft. Totten-Bay Terrace-Clearview,0.0,0.0,0.5352472089314194,0.2579630895420369,0.06116748906060888,0.13966735019366597,0.6107997265892002,0.006516290726817042,0.22228298017771705,0.02073365231259968,0.31762794476035744,0.3271730300568643,0.35519902518277824,0.5257509477981919,0.27022455526392536,0.2040244969378828,0.01645021645021645,0.020961494645705167,0.010480747322852584,0.047892458418774216
Glen Oaks-Floral Park-New Hyde Park,0.0,0.0,0.5495202193283071,0.24665867032213845,0.0608621425522834,0.09287183002056204,0.4512080191912269,0.04922035640849897,0.36844585332419466,0.03825394105551748,0.27862679955703207,0.32347729789590257,0.39789590254706536,0.5896772061253718,0.2260658807976204,0.1842569130770078,0.018634338588074024,0.02373200822481152,0.010580877313228241,0.052947224126113766
Glendale,0.0,0.0,0.5035117105997825,0.13179934761526932,0.06261081560283688,0.3421199565076846,0.5904963413559023,0.014840283287783947,0.04017161832554586,0.012371800523083253,0.34839255499153976,0.361082910321489,0.2905245346869712,0.7591231836195509,0.16000660501981506,0.08087021136063408,0.03150254194951365,0.06591436715742455,0.02010050251256281,0.117517411619501
Hammels-Arverne-Edgemere,0.05555555555555555,1.0,0.5354972694408122,0.10870958644206856,0.12813994310271776,0.2719534394790145,0.1583211547829654,0.4827833756377714,0.05538035535728021,0.03156167474296849,0.5890054360309318,0.23941505244621392,0.1715795115228543,0.790241885466198,0.14124457308248914,0.0685135414513128,0.09447991180165627,0.1284003794579904,0.04722713637412507,0.27010742763377177
Hollis,0.0,0.0,0.5250306401433016,0.13047987178278495,0.122817039334095,0.10959743565569907,0.025973413783350614,0.5866408975205053,0.1947770340341284,0.08301121900631658,0.38922056384742953,0.3107794361525704,0.30000000000000004,0.7605943863511282,0.16772151898734178,0.07168409466153,0.05138116338267182,0.06288300179126992,0.02149523899311775,0.13575940416705948
Hunters Point-Sunnyside-West Maspeth,0.0,0.0,0.4936347607805636,0.096658996503601,0.047688448214072386,0.34191495084122764,0.3771927203179632,0.018662403251352242,0.2346920479335385,0.027537877655918475,0.37372986369268896,0.3020003540449637,0.3242697822623473,0.5478940545978679,0.2839979104997388,0.16810803490239326,0.04812778292442399,0.09244538744284732,0.02523682873621612,0.16580999910348745
Jackson Heights,0.0,0.0,0.4989099639855942,0.1361344537815126,0.06377021045975974,0.5653397358943577,0.15765666266506606,0.018372148859543816,0.2400768307322929,0.0185546218487395,0.4703863128643818,0.3419604424344794,0.18765324470113875,0.7349206137246785,0.17108443388037978,0.09399495239494172,0.05775750300120047,0.10902280912364946,0.02028331332533013,0.18706362545018007
Jamaica,0.0,0.0,0.5094879220101804,0.11495224562476393,0.11804795367068048,0.3620519092756803,0.035973164019641346,0.16839038077594115,0.3135061244311744,0.12007842149756282,0.574974924774323,0.28711133400200606,0.137913741223671,0.7873969375736161,0.15036406467501873,0.06223899775136525,0.1061388204399518,0.1728870262783963,0.03386873392449233,0.3128945806428404
Jamaica Estates-Holliswood,0.0,0.0,0.5379526852786187,0.17539335500990394,0.0765377532228361,0.13226445416152782,0.2366857270994506,0.24920581530066896,0.3263445079792204,0.055499495459132187,0.35634671572340654,0.3218266421382967,0.3218266421382967,0.5494868035190615,0.2598973607038123,0.1906158357771261,0.04241880629368016,0.05325709160219756,0.012594834996449528,0.10827073289232723
Kew Gardens,0.0,0.0,0.5146085416754501,0.1380749610017286,0.05826351865955826,0.24575235043635904,0.4630465028036595,0.06517981365150302,0.19056452632910328,0.03545680677937518,0.3881178232651023,0.3381927109335996,0.27368946580129805,0.5291855994407549,0.2716416171501806,0.19917278340906444,0.03060837303427632,0.05147771828491926,0.019520215860702392,0.10160630717989798
Kew Gardens Hills,0.027777777777777776,1.0,0.5208572023747526,0.1375898343922508,0.05412967446865752,0.13157483595458808,0.5228101239454224,0.07082595562962192,0.2378137693990209,0.036975315071346736,0.39518145314038944,0.3069171906962649,0.2979013561633457,0.5763026804775836,0.23630109907487945,0.18739622044753693,0.02192479950005208,0.039084470367670036,0.011405061972711177,0.07241433184043329
Laurelton,0.0,0.0,0.5320531867478829,0.16450007428316746,0.07480905619203491,0.06648343485366216,0.011551032536027336,0.884043975635121,0.008468281087505572,0.02945327588768385,0.2943201376936317,0.3173100565527416,0.38836980575362684,0.7152059134107709,0.17666314677930306,0.10813093980992608,0.04646412123012925,0.053446738968949636,0.01853365027484772,0.1184445104739266
Lindenwood-Howard Beach,0.0,0.0,0.5268878110949835,0.21142068184231955,0.0756255271296036,0.2203773852090488,0.6962509293022268,0.01649732714978582,0.04142032782242362,0.025454030516515028,0.3765390856161115,0.3045719194425885,0.3188889949413,0.7270117692086882,0.18194431154913404,0.09104391924217778,0.032817644351612565,0.042871809395688035,0.015576875420398624,0.09126632916769922
Maspeth,0.027777777777777776,1.0,0.5122805812235924,0.1294699598090069,0.06718547341115434,0.3048332245542922,0.5387997664113222,0.013774861736113496,0.12764934217306173,0.014942805125210403,0.416866580549917,0.3237682229193578,0.2593651965307252,0.736999951627727,0.17941276060562086,0.08358728776665215,0.035656624643605514,0.06238191748823469,0.0206794682422452,0.1187180103740854
Middle Village,0.027777777777777776,1.0,0.5309599558278337,0.1941471879683433,0.06704365989097763,0.17766150448294896,0.7052822548839166,0.008781847343096784,0.09709988694028868,0.011174506349748904,0.3587587998086255,0.30182489235185567,0.3394163078395188,0.6852979026816458,0.19787137838683871,0.11683071893151542,0.024320984408277024,0.05156048694554729,0.015828359582467855,0.09170983093629216
Murray Hill,0.0,0.0,0.5305835659621337,0.1745190755616324,0.05979989141394555,0.14728726333580205,0.245712983535578,0.014071668660627814,0.565373440437532,0.02755464403046013,0.47970646344905443,0.2900366920688682,0.23025684448207734,0.7393399241062513,0.1620730976632714,0.09858697823047734,0.023110959190261876,0.03222621014451471,0.00981788488197649,0.06515505421675308
North Corona,0.08333333333333333,1.0,0.4515609854234871,0.06286006913327359,0.06474215246636772,0.8789253250909889,0.010004206521937929,0.03312178795471588,0.07050496552480934,0.007443714907547964,0.5293151584825093,0.30021349975365413,0.1704713417638364,0.9267024931724076,0.05180160338296185,0.02149590344463043,0.057446458291420525,0.09546975876511148,0.017173583042229826,0.17008980009876182
Oakland Gardens,0.0,0.0,0.5111444417314871,0.18026439708395828,0.056159792051439915,0.08047019428651156,0.3962816980013255,0.026718755450137775,0.46454358366179493,0.03198576860023021,0.3550809881458692,0.29074291919283324,0.3541760926612976,0.5488508464957912,0.2558876383240329,0.19526151518017595,0.019324008510935155,0.02626530398688479,0.012173427744253376,0.05776274024207333
Old Astoria,0.027777777777777776,1.0,0.5049092849519744,0.11209533973674847,0.07804704205274413,0.30373532550693705,0.3795802205620776,0.11853432942013517,0.17481323372465316,0.023336890786197082,0.46988373109537546,0.2851647871317423,0.24495148177288223,0.5755287740186825,0.2885145927109046,0.13595663327041285,0.044503735325506937,0.08128779793667734,0.03230167200284596,0.15809320526503026
Ozone Park,0.0,0.0,0.5123211616485159,0.10454836643177452,0.10219221472034676,0.4348067478112321,0.2301516122143925,0.057655349135169766,0.23472133247917998,0.04266495836002563,0.34454989933851016,0.3408110440034512,0.3146390566580385,0.7744099058428995,0.1443312266219528,0.08125886753514769,0.05137732222934017,0.06824685030963057,0.01751014307068119,0.13713431560965192
park-cemetery-etc-Queens,0.0,0.0,0.4207650273224044,0.27595628415300544,0.0,0.09016393442622953,0.6857923497267759,0.13934426229508196,0.0546448087431694,0.030054644808743168,0.41911764705882354,0.25,0.33088235294117646,0.752895752895753,0.09266409266409266,0.15444015444015444,2.584699453551913,5.2103825136612025,0.5382513661202186,8.333333333333334
Pomonok-Flushing Heights-Hillcrest,0.0,0.0,0.5399549648506151,0.12843255711775045,0.12675658897228964,0.21902460456942,0.3291959578207381,0.10242750439367312,0.3186236818980668,0.030728251318101932,0.48374632507349846,0.2761864762704746,0.24006719865602688,0.6803688052247406,0.19865966619712294,0.12097152857813635,0.0343530316344464,0.0585456942003515,0.0187280316344464,0.11162675746924428
Queens Village,0.0,0.0,0.523277059124461,0.13598991449243586,0.11758339073108336,0.16737922970108896,0.06392969378060367,0.4794452970839728,0.16721479207776072,0.12203098735657385,0.3644613206332861,0.3171579353842193,0.31838074398249455,0.7897022332506204,0.14404983457402812,0.06624793217535152,0.04646276401373968,0.05610977124899511,0.01933055616458379,0.12190309142731855
Queensboro Hill,0.027777777777777776,1.0,0.5029356943150046,0.14575955265610438,0.07391048292108363,0.168452935694315,0.1390959925442684,0.014259086672879775,0.6616029822926375,0.01658900279589935,0.4334600760456274,0.34038684080013226,0.22615308315424038,0.7643833849329206,0.14499484004127966,0.0906217750257998,0.026700838769804287,0.029543336439888164,0.008574091332712022,0.06481826654240448
Queensbridge-Ravenswood-Long Island City,0.0,0.0,0.5200507211919481,0.10688434511544356,0.14636132315521627,0.3890738099011993,0.16806678290273155,0.2045226396153643,0.19585776932424576,0.04247899825645903,0.6768737988468929,0.20409993593850095,0.11902626521460602,0.7505290205562273,0.17623941958887546,0.07323155985489722,0.099593173772917,0.17319173667247847,0.05970306968880435,0.33248798013419983
Rego Park,0.027777777777777776,1.0,0.5314167793353732,0.19131146374439625,0.056876800428753274,0.17419768021063115,0.4447804739201594,0.033765032377428304,0.32050096064897177,0.026755852842809364,0.4512234910277325,0.27895595432300163,0.2698205546492659,0.5099886234357224,0.30084186575654154,0.18916951080773609,0.03177257525083612,0.1114352807229773,0.0123461182665623,0.15555397424037573
Richmond Hill,0.0,0.0,0.4978835591358477,0.09514463566459172,0.08581426031090461,0.3660930062248261,0.09978762358110582,0.07811058220432078,0.3111094837056023,0.144899304284145,0.41132032278372344,0.3461340353688548,0.24254564184742172,0.7826999977660121,0.15787592431249026,0.059424077921497676,0.06040278286341999,0.0955986818015379,0.0292054192603442,0.18520688392530207
Ridgewood,0.0,0.0,0.5078805986513897,0.08397291815141714,0.06383743930947673,0.4803875883997588,0.41033934543062334,0.017460665533687848,0.07962830985143357,0.012184090784496464,0.4569799156955121,0.31262914290437227,0.2303909414001157,0.7595145711219351,0.16145876331214398,0.07902666556592093,0.048051093690038925,0.08809824022805768,0.024601173181294886,0.16075050709939148
Rosedale,0.0,0.0,0.5485398004515329,0.10421673585317894,0.06411609498680737,0.08433471706357876,0.03754278639574685,0.8420362682980118,0.01664117689898769,0.0194450513436749,0.254757842236514,0.33613335083344276,0.40910880693004337,0.7319144303521855,0.17152033095639868,0.09656523869141584,0.04409729808462603,0.04832131672857039,0.01977277692811885,0.11219139174131527
South Jamaica,0.1111111111111111,1.0,0.5246118348315146,0.10193241359419314,0.17843311091409642,0.17759457770513867,0.003917704177282122,0.6502187184540691,0.0668413209633226,0.10142767870018748,0.5193983231957915,0.28579648199901364,0.19480519480519481,0.8394834655324367,0.1103191937770625,0.050197340690500816,0.07960390328318033,0.09546699995192999,0.026967264336874488,0.2020381675719848
South Ozone Park,0.027777777777777776,1.0,0.5066677594220885,0.10427228342953483,0.10871226178261914,0.22035803350856448,0.053306951095292175,0.22155225907669973,0.2596152720375596,0.24516748428188412,0.40140239764759106,0.3139108798914273,0.2846867224609817,0.8219659413105116,0.13665222912209293,0.0413818295673955,0.05087166758380069,0.0717471988385571,0.022678577700764542,0.14529744412312232
Springfield Gardens North,0.0,0.0,0.5946259564129528,0.15799398049098887,0.07866401481379877,0.06737498640171156,0.010516009718243464,0.8877687928346085,0.02197483410088117,0.012365376944555246,0.4715214067278287,0.3236811926605505,0.20479740061162077,0.7436072459963244,0.18251509582567604,0.07387765817799948,0.07586031838125974,0.15440403234579542,0.015737752474888494,0.2460021032019437
Springfield Gardens South-Brookville,0.0,0.0,0.5714611872146119,0.11579908675799087,0.10329631588224923,0.07123287671232878,0.019863013698630142,0.8643835616438356,0.012465753424657534,0.03205479452054795,0.2960282733086503,0.3737798720969371,0.33019185459441264,0.7599914206048474,0.1507113748480732,0.08929720454707943,0.054155251141552514,0.06648401826484017,0.02547945205479452,0.1461187214611872
St. Albans,0.08333333333333333,1.0,0.5410976458096877,0.1313477098817413,0.11273757919306435,0.06817266503130377,0.010617654596712187,0.8739794237176436,0.015175923552886904,0.03205433310145353,0.3389959916014506,0.35153019023986765,0.3094738181586817,0.7735739873243318,0.14227059796087074,0.08415541471479747,0.05374729982059825,0.06207666678870868,0.014388752608647897,0.13021271921795485
Steinway,0.0,0.0,0.503746445546815,0.1277735112808485,0.06284245417033077,0.21137840137819386,0.6232383403557566,0.01755951763216339,0.12424500300961001,0.023578737624276137,0.3769211260461578,0.3186913517626173,0.30438752219122495,0.5388407367280607,0.2993499458288191,0.16180931744312027,0.03553415388447249,0.06760206729072832,0.022478673280890014,0.12561489445609084
Whitestone,0.0,0.0,0.5109038275972981,0.21013187520102927,0.05654036243822076,0.14252171116114504,0.6156963653908009,0.005467996140238018,0.21132196847861048,0.024991958829205532,0.2920497566252028,0.31061835226248424,0.39733189111231293,0.6390108924806747,0.22579936753338015,0.1351897399859452,0.025667417175940812,0.04242521711161145,0.013702155033772916,0.08179478932132518
Woodhaven,0.0,0.0,0.5104821636077108,0.10147880485824803,0.08112653660326585,0.5399945877970742,0.15601470845736298,0.03452667101765333,0.2388214132216934,0.030642619506216072,0.3866312629877626,0.33237127684137613,0.28099746017086125,0.7787313704991369,0.15851790620213466,0.06275072329872845,0.04065519491889655,0.0652170452555674,0.01994555960586428,0.12581779978032825
Woodside,0.0,0.0,0.4879655157323531,0.1387466631657258,0.06790588629322616,0.3515163450177235,0.2241696205855324,0.008752352194652313,0.3940090149227605,0.021552667279331323,0.48739233553863437,0.32030957433528895,0.19229809012607663,0.6848904475017235,0.21415939813565926,0.10095015436261727,0.035490788149315125,0.06056627718699401,0.015557306025994488,0.11161437136230362
Annadale-Huguenot-Prince's Bay-Eltingville,0.0,0.0,0.5097567774757823,0.1724161962506098,0.04752433046813952,0.07056240853021116,0.8866819987455572,0.00505261690710154,0.03177921806397658,0.005923757753153531,0.2638361638361638,0.27362637362637365,0.4625374625374626,0.6628810226155359,0.20801376597836774,0.12910521140609635,0.015018468185936303,0.0423374451181267,0.016168374102724932,0.07352428740678793
Arden Heights,0.0,0.0,0.5060040782418246,0.13771618457820406,0.05545286506469501,0.12661430405558494,0.7794728494826675,0.014878030360244694,0.06532739219092214,0.013707423910580769,0.26893897746014295,0.30786146234194606,0.423199560197911,0.6631584687534082,0.2192714581742829,0.11757007307230885,0.009931274072955215,0.029642776225360618,0.012234725473906805,0.051808775772222634
Charleston-Richmond Valley-Tottenville,0.0,0.0,0.507864806001452,0.11470517060579173,0.06087773224043716,0.09647495361781076,0.8257239654755183,0.009155440832459468,0.04864080019359523,0.020004839880616278,0.2792903782185537,0.29974128372551434,0.42096833805593203,0.6730243576504891,0.22474640102047014,0.10222924132904088,0.021618133419375657,0.06481406791965798,0.021819795111720577,0.1082519964507542
Grasmere-Arrochar-Ft. Wadsworth,0.0,0.0,0.5368646200301963,0.13984650226472067,0.07895418068858401,0.1471439355812783,0.6405385002516356,0.05982637141419225,0.12701308505284348,0.025478107700050327,0.38154877403422116,0.27394602222614217,0.3445052037396366,0.6153916294337558,0.22704477067566334,0.15756359989058086,0.026925012581781583,0.06523653749370911,0.025415198792148968,0.11757674886763965
Great Kills,0.0,0.0,0.512384752992982,0.16347873950736205,0.07568581896166562,0.08781707261134811,0.8447777624879592,0.0020870602265951107,0.05554791064630063,0.009770194027796891,0.2577817877166978,0.29554681961719403,0.44667139266610817,0.6778424250216979,0.19563470378347106,0.12652287119483108,0.014701160497224896,0.032613182881519195,0.014517682675106646,0.061832026053850735
Grymes Hill-Clifton-Fox Hills,0.0,0.0,0.5355888334257719,0.11457755592530967,0.08560032726528942,0.2754205953041228,0.2883619892771307,0.3051395821778517,0.09636716583471992,0.03471066740617489,0.45361366622864646,0.2651773981603154,0.2812089356110381,0.6697618691028905,0.18586191403324848,0.14437621686386098,0.033277870216306155,0.08744684784618229,0.03300055463117027,0.1537252726936587
Mariner's Harbor-Arlington-Port Ivory-Graniteville,0.0,0.0,0.5254373080518093,0.09867806115636267,0.0573209202123567,0.34630791828014423,0.2307717986380024,0.3022432901588997,0.10144879156095607,0.019228201361997595,0.4410358565737052,0.3083665338645418,0.250597609561753,0.7449273814609141,0.16793037163605296,0.08714224690303289,0.05728401655761784,0.15322472960341835,0.04907197222593137,0.2595807183869676
New Brighton-Silver Lake,0.0,0.0,0.4842116905380745,0.13078582093679147,0.0718768502072232,0.2886136149975115,0.546535420007742,0.09699717967151468,0.04645246916993862,0.02140131615329315,0.3635919165580182,0.24706649282920468,0.38934159061277707,0.6373346479336127,0.18322241393476296,0.17944293813162435,0.03694077310180833,0.09893269922026213,0.031355416689708565,0.167228889011779
New Dorp-Midland Beach,0.0,0.0,0.5146081093735368,0.148843524674595,0.05233130041314184,0.14247588725536098,0.7669257421106845,0.0097387395823579,0.07407060586197209,0.006789025189624497,0.34534064212999216,0.2807361002349256,0.3739232576350822,0.6921643033087012,0.1939950735636775,0.11384062312762132,0.033289633860848385,0.0931266972562974,0.029356681337203858,0.15577301245434966
New Springville-Bloomfield-Travis,0.0,0.0,0.5232600777373065,0.16774635148018674,0.06161161937251253,0.14107609944508276,0.6318478500012222,0.05123817439558022,0.15183220475713202,0.024005671400982715,0.3271775483495711,0.29787698124182055,0.3749454704086084,0.6963409114646799,0.18117884622079866,0.12248024231452148,0.024616813748258245,0.06541667685237246,0.021096633827951208,0.1111301244285819
Oakwood-Oakwood Beach,0.0,0.0,0.5473372781065089,0.2107381899311281,0.06480648064806481,0.12125327383839365,0.8221941992433796,0.026384712387234454,0.02172858667184014,0.008439227859152196,0.34656316514335794,0.27507199198697885,0.3783648428696632,0.6938012944551945,0.16914659371455262,0.1370521118302529,0.016490445242021534,0.03409642060335629,0.015277912503637596,0.06586477834901543
Old Town-Dongan Hills-South Beach,0.0,0.0,0.5277410037308942,0.14983752557467805,0.06089285714285714,0.15922493681550126,0.6945079632526979,0.04440967625466362,0.08496810687206642,0.016889316805070807,0.3989019974302067,0.28034108164934,0.32075692092045327,0.7293284216491924,0.16095211107962595,0.10971946727118163,0.02114173386287961,0.04613471336302002,0.01981786817507121,0.08709431540097083
Port Richmond,0.0,0.0,0.4895773470560577,0.12277310485345595,0.04483317886932345,0.34867561778381484,0.4018076380544381,0.151925186771851,0.06284938091008829,0.03474217647980774,0.4394654088050315,0.2591194968553459,0.30141509433962266,0.7808484285493109,0.13701811425917326,0.08213345719151571,0.06812601222506663,0.141633143513923,0.0481688522020793,0.2579280079410689
Rossville-Woodrow,0.0,0.0,0.5106790671589475,0.14011309996728513,0.04085205719288007,0.09300369210637004,0.8435762022713464,0.0008412394260877693,0.04617469738748423,0.0164041688087115,0.26429051782111634,0.27383994620040353,0.4618695359784801,0.6761789111515888,0.18289145247250893,0.1409296363759023,0.014955367574893675,0.05122213394401085,0.015048838622236762,0.08122634014114129
Stapleton-Rosebank,0.0,0.0,0.5080580637787175,0.1234045795709986,0.06647796198948645,0.3242656303577552,0.3655274888558692,0.19358402865089344,0.08766716196136701,0.028955690174115138,0.4834174090372438,0.27143930449715575,0.24514328646560052,0.7415301772492708,0.15935606910477898,0.0991137536459502,0.061568941212329024,0.15407475140016005,0.05520630929249057,0.2708500019049796
Todt Hill-Emerson Hill-Heartland Village-Lighthouse Hill,0.0,0.0,0.5178770603544429,0.18750774569339448,0.04998057749579179,0.10295575659933076,0.7060664270665509,0.021687941504523484,0.15432519519147353,0.014964679638121205,0.3148323709385504,0.25769197621304835,0.4274756528484013,0.6368056451959898,0.19693644851770575,0.16625790628630438,0.031044739125046475,0.1005700830338332,0.023577890692774817,0.15519271285165448
West New Brighton-New Brighton-St. George,0.08333333333333333,1.0,0.5211152976639035,0.10987189148455162,0.06986502552626057,0.3041446872645064,0.23565938206480785,0.35656367746797285,0.05769404672192916,0.04593820648078373,0.5091933079344045,0.2542653635911877,0.23654132847440784,0.7131068892726924,0.17765304164267895,0.10924006908462867,0.0771966842501884,0.1921326299924642,0.07032403918613414,0.3396533534287867
Westerleigh,0.0,0.0,0.5046206124901579,0.1579710745514069,0.0701204002034933,0.15573328913016452,0.716630060917492,0.03568024532758692,0.06547594380672164,0.026480460818034894,0.3112385574059777,0.30230506231388554,0.3864563802801368,0.6387767220902613,0.18972684085510688,0.17149643705463186,0.018979735609796527,0.048816874559695,0.017943723840702832,0.08574033401019436
Allerton-Pelham Gardens,0.027777777777777776,1.0,0.5305084745762711,0.17439137134052388,0.10210890777463016,0.3419414483821264,0.2212018489984592,0.3284745762711864,0.08160246533127889,0.026779661016949154,0.4091729482959975,0.3181866440174116,0.2726404076865909,0.7416185735054408,0.15005066302480286,0.10833076346975637,0.02317411402157165,0.059322033898305086,0.013682588597842837,0.09617873651771956
Bedford Park-Fordham North,0.08333333333333333,1.0,0.5189927672113581,0.07763193142244844,0.14727006229388054,0.7176355031699259,0.05780873292258237,0.1658183766407715,0.03809268684703991,0.02064470041968033,0.652860979136542,0.2651311712456104,0.08200784961784754,0.8577268773557553,0.10455204407074514,0.037721078573499565,0.06389856237164032,0.12010000892936867,0.021359049915171,0.20535762121617998
Belmont,0.027777777777777776,1.0,0.520938308593218,0.06349584638431159,0.13784420437007555,0.622395478687185,0.19426664850878386,0.14840664578510146,0.01882745471877979,0.016103772300149807,0.7854322071083808,0.1460070206230803,0.06856077226853884,0.8540027137042062,0.09016282225237447,0.05583446404341927,0.0771483045076944,0.15967588179218306,0.032650142993326976,0.2694743292932044
Bronxdale,0.0,0.0,0.5027796249501263,0.13230482776965022,0.1401638424419257,0.5610586514164118,0.1128075541960367,0.2664982045484772,0.032477723101476265,0.027157866737598086,0.6375907111756169,0.263933236574746,0.09847605224963715,0.8278757012692476,0.11287948116022757,0.05924481757052481,0.038409362947200425,0.09511903178614176,0.020029259210001333,0.15355765394334353
Claremont-Bathgate,0.16666666666666666,1.0,0.5434439178515008,0.07304322849346546,0.16658615136876007,0.5839437024271148,0.011489300588826657,0.3951457705012208,0.0004308487720809996,0.008990377710756857,0.802453195610071,0.15752098127824404,0.040025823111684955,0.8834666666666666,0.092,0.02453333333333333,0.07712193020249893,0.17989372396955336,0.0355593853224185,0.2925750394944708
Co-op City,0.0,0.0,0.5713726540450341,0.22012319482499326,0.10929817691337076,0.2796604931913228,0.07041470097443399,0.6081662924125997,0.01166024597762716,0.0300982674440164,0.5457164908669925,0.28880885001286344,0.16547465912014406,0.7443600368324125,0.1539191988950276,0.10172076427255984,0.029068210378854986,0.08341402113677097,0.017078346140376174,0.12956057765600215
Crotona Park East,0.1388888888888889,1.0,0.560588641066912,0.09054955162106232,0.15922048305172593,0.679558519199816,0.009473442170613936,0.29059553920441483,0.011037020004598759,0.00933547942055645,0.7621133678481349,0.16925527678215851,0.06863135536970663,0.8594144746619111,0.11606479417446873,0.024520731163620156,0.06672798344447,0.16127845481719935,0.03278914693032881,0.2607955851919981
East Concourse-Concourse Village,0.25,1.0,0.5397110794221588,0.10801971603943207,0.1320700442271044,0.5930311860623722,0.01563953127906256,0.34600719201438396,0.024815549631099262,0.020506541013082025,0.7099188458070333,0.2189810640216411,0.07110009017132551,0.838268156424581,0.11465210766886745,0.04707973590655155,0.04798809597619196,0.11862173724347448,0.01977803955607911,0.1863878727757456
East Tremont,0.3611111111111111,1.0,0.5376993933947427,0.10146034598966523,0.2183832760220512,0.6847000674005841,0.01529993259941586,0.2859582116378342,0.008043136373848573,0.0059986519883172326,0.7800933757358414,0.17612829014141687,0.04377833412274173,0.882554601132468,0.08844035283694772,0.029005046030584337,0.08364412491574927,0.1806560323522804,0.03891260390923388,0.30321276117726353
Eastchester-Edenwald-Baychester,0.027777777777777776,1.0,0.5574889116342545,0.12092005003980437,0.10330320086417648,0.2426930512907995,0.035312180143295804,0.6632548618219037,0.030876833845104062,0.027863072898896852,0.49873329256573773,0.30234996068839,0.19891674674587229,0.7581626760250544,0.15969970236773134,0.08213762160721425,0.04497896053679063,0.09757761856021836,0.02248948026839532,0.16504605936540429
Fordham South,0.08333333333333333,1.0,0.5156854470000704,0.06393753956530912,0.14291164352205096,0.7249419708799325,0.011957515650277835,0.2494197087993248,0.004220299641274529,0.009460505029190406,0.7539753639417693,0.18521836506159012,0.06080627099664053,0.8877366152308365,0.08183919535203349,0.030424189417130005,0.066364211859042,0.15840191320250405,0.03460645705845115,0.2593725821199972
Highbridge,0.2777777777777778,1.0,0.557761087267525,0.07600143061516453,0.12258756254467475,0.6551961986511343,0.01696300837931739,0.31976803596975273,0.002861230329041488,0.005211526670754139,0.7195287720888084,0.21378945778583297,0.06668177012535871,0.8669629890419399,0.10632398890991507,0.02671302204814505,0.040389331698344584,0.10019415491518496,0.015864500306560392,0.15644798692008993
Hunts Point,0.08333333333333333,1.0,0.5146809392785798,0.09095020918925033,0.10572507398714157,0.7310693151407787,0.009912932041762466,0.24548641212166897,0.0065583656854245964,0.006972975010365232,0.8023682652457075,0.1547661338069864,0.042865600947306105,0.9019304022209309,0.0757311640519078,0.02233843372716121,0.14526403075647354,0.28574120839772343,0.06305830914778937,0.4940635483019864
Kingsbridge Heights,0.027777777777777776,1.0,0.5237425704607912,0.1076883747683262,0.12770282757346146,0.7502716175624721,0.04150955454719755,0.15450246053556593,0.034127947849428006,0.019588419505336484,0.6782760521962874,0.2394780371255284,0.08224591067818415,0.8296895819967428,0.12776982677787102,0.04254059122538617,0.06327091455231035,0.12101361283313095,0.021825270019812104,0.2061097974052534
Longwood,0.08333333333333333,1.0,0.5082697420669176,0.08704809916784641,0.1079382183908046,0.7444839611891855,0.011394634163184971,0.2191913262663582,0.014087911329028691,0.010842167052242672,0.7411504424778761,0.20121681415929205,0.057632743362831855,0.8904006484483558,0.0800138953219083,0.029585456229735987,0.08366423811332481,0.17896481475087184,0.05155208728980353,0.3141811401540002
Melrose South-Mott Haven North,0.41666666666666663,1.0,0.5388724447322172,0.08470539265562853,0.13088029809035864,0.630422717602442,0.014522245860697438,0.3286236240865785,0.006035519378410878,0.020395893071871247,0.7833904708598616,0.14916392639753726,0.06744560274260127,0.8790873898360926,0.08084177580100486,0.04007083436290256,0.09531958190731664,0.2231523448339654,0.035542503006197386,0.35401442974747943
Morrisania-Melrose,0.3611111111111111,1.0,0.5254012368862515,0.08360249380304965,0.1157787499250914,0.6086531961240892,0.01474748992213125,0.3542652545131325,0.005232980294949798,0.01710107914569719,0.7232818870122306,0.20180547466511356,0.07491263832265578,0.8616576487948844,0.10050828004590916,0.03783407115920643,0.07291118956408522,0.16475124564961566,0.03668093843110744,0.2743433736448083
Mott Haven-Port Morris,0.2222222222222222,1.0,0.523202614379085,0.08324255628177196,0.12831527829660067,0.7177378358750908,0.015177923021060274,0.2518155410312273,0.005809731299927378,0.009458968772694263,0.795995670995671,0.15308441558441557,0.05091991341991342,0.9107642276422764,0.07027642276422763,0.01895934959349593,0.08333333333333333,0.2095497458242556,0.031917211328976035,0.324800290486565
Mount Hope,0.1111111111111111,1.0,0.5304211579483888,0.07522700243520282,0.14036571612695345,0.6826307741679724,0.015271930983708682,0.2672115983614294,0.01742397070205576,0.017461725784833786,0.7524365334111468,0.20180916253282755,0.04575430405602568,0.8577749683944375,0.09399494310998736,0.04823008849557522,0.05991731636871614,0.13691880769448586,0.030638249674362406,0.2274743737375644
North Riverdale-Fieldston-Riverdale,0.0,0.0,0.5300055258795359,0.22195616135568244,0.07293330291276902,0.2183090808620372,0.6363602873457359,0.061153066863142376,0.06601584085466937,0.01816172407441518,0.28753275926619243,0.3051291651067016,0.40733807562710594,0.4147071173630065,0.2606025614108755,0.32469032122611796,0.021550930189721863,0.04129673973107386,0.010057100755203536,0.07290477067599926
Norwood,0.027777777777777776,1.0,0.518937795903061,0.09250925795715556,0.14585798816568046,0.6293067079173112,0.09579055922748793,0.13718183096610884,0.11203300051563306,0.025687901373458964,0.6772829571029121,0.24115119689013165,0.0815658460069563,0.794392174432497,0.14023297491039427,0.06537485065710873,0.060868138564665074,0.11496273379271553,0.024281629400459383,0.20011250175784
park-cemetery-etc-Bronx,0.027777777777777776,1.0,0.4957794034890264,0.08441193021947102,0.09110396570203644,0.5728756330894766,0.11873944850872255,0.29375351716375914,0.01463140123804164,0.0,0.5147265077138851,0.3295932678821879,0.15568022440392706,0.7185122569737954,0.18427726120033813,0.09721048182586643,0.63083849184018,1.450196961170512,0.24198086662915025,2.3230163196398426
Parkchester,0.027777777777777776,1.0,0.5287419710633879,0.11603840913514565,0.12071980594573248,0.3808797768117823,0.020015571271005,0.4119898786738467,0.15538830857068708,0.03172646467267891,0.49594136653794624,0.3607849318307196,0.14327370163133424,0.7429307094579061,0.16685824635615432,0.0902110441859396,0.0268928826315448,0.06507493674171154,0.010445727632518005,0.10241354700577436
Pelham Bay-Country Club-City Island,0.0,0.0,0.5388965306434357,0.2088491517652453,0.07441263126085973,0.3892709766162311,0.5160476845483724,0.03591624637016659,0.05154363441846248,0.007221458046767538,0.4062864840592726,0.3122586439155815,0.28145487202514596,0.7344134536505332,0.16437653814602132,0.10121000820344543,0.02529420755005349,0.052346018645881086,0.020823781140149773,0.09846400733608436
Pelham Parkway,0.0,0.0,0.5388519718168765,0.13083113500517582,0.10351851851851852,0.4387417771396133,0.3212007880589041,0.13513874511637225,0.09269709820683207,0.012221591478278294,0.4669315673289183,0.30472406181015455,0.22834437086092715,0.6891233382220749,0.17627856365614802,0.13459809812177698,0.04464554045480349,0.10508565131732728,0.018766487461181418,0.1684976792333122
Schuylerville-Throgs Neck-Edgewater Park,0.0,0.0,0.5126733921815889,0.1556746532156368,0.08299120234604106,0.4537200504413619,0.3970575872215216,0.09239176124422026,0.03566624632198403,0.02116435477091215,0.3828886065226599,0.29115992013069525,0.32595147334664487,0.7492132058006788,0.15146559703795126,0.09932119716136996,0.032471626733921816,0.08829340058848256,0.02755359394703657,0.14831862126944095
Soundview-Bruckner,0.027777777777777776,1.0,0.5114350604764168,0.10201764115565416,0.14122049510650547,0.6197908413880526,0.02485078962657793,0.2508318808429726,0.06446416310146305,0.040062325040933815,0.7045685279187818,0.1978849407783418,0.0975465313028765,0.8817222820236814,0.08551130247578041,0.032766415500538215,0.04148840648602968,0.10141023609570593,0.01816933396714731,0.1610679765488829
Soundview-Castle Hill-Clason Point-Harding Park,0.1111111111111111,1.0,0.5542155891922479,0.1302518036497383,0.12262462718363867,0.6063092375159146,0.02378342056868015,0.3379544490026878,0.017665157730937898,0.014287735181779601,0.6209484106305369,0.23600833767587287,0.14304325169359042,0.8460242029065591,0.10894070840470796,0.04503508868873294,0.04689489319564295,0.12383293252228038,0.024773659640684682,0.19550148535860798
Spuyten Duyvil-Kingsbridge,0.027777777777777776,1.0,0.5305319283991368,0.20324996826202868,0.05858436518203659,0.3902818331852228,0.4396026405992129,0.09235749650882316,0.05233591468833312,0.025422115018408027,0.3610963480373548,0.3102270138941614,0.3286766380684838,0.5063787604516852,0.2537281268856133,0.2398931126627015,0.04256061952519995,0.09629300495112353,0.021105750920401168,0.15995937539672464
University Heights-Morris Heights,0.1111111111111111,1.0,0.5509131803868645,0.08003598740440845,0.12436860647735473,0.6742420152946469,0.010526315789473684,0.29201979307242465,0.017255960413855152,0.005955915429599641,0.7734375,0.171875,0.0546875,0.8696365625379847,0.09891211863376688,0.03145131882824845,0.049284750337381916,0.10407557354925777,0.02884390463337832,0.18220422852001802
Van Cortlandt Village,0.027777777777777776,1.0,0.5241902378951072,0.11232089450124128,0.12573584905660376,0.6686474969212425,0.08712395175635787,0.17723869656156538,0.0444318470590535,0.02255800770178079,0.5683815708447629,0.3154005486200526,0.11621788053518446,0.7817969311915608,0.13755694078158714,0.08064612802685207,0.04017045565611745,0.0772328322614696,0.02034912133236898,0.13775240924995602
Van Nest-Morris Park-Westchester Square,0.0,0.0,0.4972042427733912,0.10396828086346538,0.1380554627464083,0.5246873835101156,0.24440001355518656,0.10695042190518148,0.1067132061404995,0.01724897488901691,0.5291622481442206,0.2852598091198303,0.18557794273594908,0.7791065219681804,0.1462438099251923,0.07464966810662732,0.051848588566200136,0.11674404418990815,0.029313090921413806,0.1979057236775221
West Concourse,0.0,0.0,0.5195614386950127,0.0765610375718679,0.12207201957813775,0.7070463965770825,0.01898649552079155,0.2311538975798904,0.01815750768819361,0.024655702634041984,0.7391370752195494,0.20778923253150056,0.05307369224894998,0.8603637324408825,0.1075784931084592,0.032057774450658334,0.07979676427329857,0.1954271961492178,0.023880197887418103,0.2991041583099345
West Farms-Bronx River,0.0,0.0,0.5215652271201611,0.10463750279704633,0.13436660208736953,0.6460897292459163,0.03306108749160886,0.25109084806444393,0.042738867755650035,0.027019467442380846,0.704424778761062,0.22166034555415084,0.07391487568478719,0.9073505186768176,0.07314901384622234,0.019500467476960062,0.05322779145222645,0.11907026180353547,0.0227120161109868,0.19501006936674872
Westchester-Unionport,0.0,0.0,0.5329324471639062,0.11980869993318564,0.15242627442497655,0.6362485494250448,0.03942047332700355,0.15135211168548018,0.12701761789218272,0.04596124767028871,0.5380800176347404,0.30860795767662297,0.1533120246886366,0.8146424268973825,0.12912057824991785,0.0562369948526996,0.041600731441431935,0.07613320673770088,0.020677286633611142,0.13841122481274395
Williamsbridge-Olinville,0.027777777777777776,1.0,0.5384591731623695,0.12070476454038097,0.16141353290066146,0.25215626585489603,0.023461402456836245,0.6921574958104638,0.012053564564980091,0.020171271312823827,0.5837173579109063,0.2663966857515245,0.14988595633756924,0.812862669245648,0.12961798839458413,0.05751934235976789,0.056624079455129685,0.10894331442276647,0.026213428039912057,0.1917808219178082
Woodlawn-Wakefield,0.0,0.0,0.5347222222222222,0.14056826434277414,0.10566791298436437,0.17445079883805373,0.16292211328976036,0.5937953885257807,0.04395878721859114,0.024872912127814086,0.444122989975106,0.31157908901298526,0.24429792101190878,0.725646966680808,0.1938126162581993,0.08054041706099273,0.04348220769789397,0.0744144880174292,0.017565359477124183,0.13546205519244736
