NTA,HasGarden,GardenCounts_MMscaled,Gender_Female,Age_Over65,Unemployed,Race_Hisp,Race_White,Race_Black,Race_Asian,Race_Other,Income_Low,Income_Mid,Income_High,Edu_Other,Edu_Bachelor,Edu_GradProf,Crime_Felonies_unscaled,Crime_Misdemeanor_unscaled,Crime_Violation_unscaled,Crime_Total_unscaled
Bath Beach,0.0,0.0,0.43905188008229956,0.39484013256014644,0.32312985250715787,0.17553475921247952,0.45877933789471753,0.012548937201487479,0.5089140639046482,0.05325632751267284,0.44846350264383994,0.6752633149212434,0.3735844068153743,0.6598416550111945,0.4332044602234799,0.1961270935241563,0.010496320259901817,0.012186654995143998,0.016769126770303993,0.01208899961237521
Bay Ridge,0.0,0.0,0.5669933641526379,0.4214956177916679,0.34307631452219683,0.17773664137887396,0.6679207737552878,0.020197068074597972,0.2047171618379415,0.09159282168828088,0.4126006267471529,0.6279404503819833,0.43087840013787404,0.49414752834936937,0.5498414482263043,0.36604562492968806,0.011752041101211388,0.015232184185891482,0.027669882515380696,0.015315083199522418
Bedford,1.0,0.6388888888888888,0.5341077852002689,0.18816019385333396,0.5725120465013614,0.1969043740622984,0.36731699292514525,0.4481194392630043,0.0422940923551955,0.07435477903520338,0.6614517916657268,0.36583206778857635,0.2549531976737305,0.678466734970316,0.3841494112232632,0.20800792886567604,0.02866689597708698,0.02314444182409159,0.038305078726262556,0.026312614840943247
Bensonhurst East,1.0,0.027777777777777776,0.522524366757962,0.42391744294893463,0.3901466946367244,0.11277684212041589,0.48867891315871176,0.008211590397613218,0.5451742874695191,0.06733866246190659,0.5637119277999798,0.636602145187854,0.2610581625363899,0.7042910488340095,0.3846705873100855,0.16540777893065758,0.010267046011781205,0.008911422596972066,0.01737864012658876,0.010137855613996773
Bensonhurst West,1.0,0.05555555555555555,0.5202547097510393,0.38079629423652817,0.40452942313916423,0.13942041290684046,0.44801466633370984,0.008740222036381192,0.5711024182385356,0.05443147109321714,0.5373153113015959,0.6134230951916796,0.2988552135651459,0.7553538856042978,0.3460444483463685,0.1153542977504167,0.00968234898906667,0.00853612792918425,0.015214519402933446,0.00952764304723894
Borough Park,1.0,0.05555555555555555,0.4033730439615315,0.2595571730393209,0.2624307223478505,0.08158998688761407,0.7980291952116583,0.008952347475403286,0.18076717372149537,0.03539185867090585,0.7124102039736679,0.3372598716789901,0.20950657094847377,0.8514220371490969,0.15574304416806972,0.12257274104360236,0.007110981529803485,0.007754356204742299,0.012540229949231948,0.008004794200427545
Brighton Beach,0.0,0.0,0.5810608046976986,0.6336448161132973,0.35766783225823634,0.10219078814693,0.7324151305408375,0.007524205692274931,0.21028267356858982,0.13637146734561478,0.6881890366062566,0.33772935395925174,0.23602919968411204,0.5638702428849214,0.5291711544662064,0.2700588043858836,0.013659446193596311,0.01196245235672087,0.018898346924885463,0.013151318964591045
Brooklyn Heights-Cobble Hill,0.0,0.0,0.46945563197173046,0.35286096596786226,0.17309005041706696,0.06282324030910363,0.7622090256014173,0.05393626301481423,0.13541129647088618,0.2037732496445045,0.16377145816651306,0.21588224021877722,0.8598266783257399,0.08473526747430091,0.7758147795391329,0.8395274775290265,0.013377231758513365,0.01324267679460572,0.020488071389546527,0.013970030404218948
Brownsville,1.0,0.2777777777777778,0.8818181294662533,0.2716950451948169,0.6985505583219088,0.2065479155732131,0.008889407798486086,0.8371593640568231,0.02199263640116429,0.04531747727730089,0.9314555096457999,0.1537162101366023,0.036947050254039784,0.9502965918121934,0.08420596027836717,0.022846333226102314,0.04256115491172237,0.038000055660545755,0.06737237366820646,0.042210043427813586
Bushwick North,1.0,0.05555555555555555,0.40418892061271494,0.14693245116596867,0.5781941643442668,0.7596782127591524,0.15698428755099555,0.10110943750366638,0.09207937680598108,0.06429976164801773,0.591284911124357,0.5516258800167183,0.2625603291044951,0.7923234839957883,0.31188576139553814,0.08445352922311615,0.024398741923424696,0.017699521209641425,0.025668746223163664,0.02055734424982209
Bushwick South,1.0,0.4444444444444444,0.5066249475700753,0.25504711741305924,0.5853305752590332,0.6127084396731622,0.1495835309606721,0.2825455513472743,0.04753502372208789,0.0633011317560669,0.6699069102135189,0.5033757896015355,0.19400636115433348,0.7826799438264578,0.33063591988823093,0.08403294746410042,0.02999414040213788,0.023610441720945025,0.037645553001409364,0.02694271620235893
Canarsie,1.0,0.027777777777777776,0.7615497451297069,0.30492661315934294,0.38784477774144915,0.04066695460604094,0.0443837735849116,0.9367604108475782,0.03945582018751412,0.06729836946288373,0.4186081595546328,0.7586621560522954,0.37519015530545174,0.7590288801795373,0.3024421848869854,0.14693713887010687,0.018378671150438425,0.015025097290586164,0.033699697584738515,0.017844266098148424
Carroll Gardens-Columbia Street-Red Hook,1.0,0.16666666666666666,0.596494497173206,0.2754876834402449,0.3749028746263231,0.1902554814960999,0.6390893164817353,0.11977075798703378,0.07452512125359216,0.16838692715705686,0.2748045784726312,0.3021890515702327,0.7050404131754209,0.2856444726513607,0.6549015134757297,0.6158159840303539,0.01903691210893343,0.019616670354598745,0.02709516039059027,0.02014169133938399
Clinton Hill,1.0,0.16666666666666666,0.6116092605926915,0.25049315780361875,0.36305490625460063,0.09733174392904476,0.42090994096399625,0.42163527114176186,0.08897185896098676,0.17663912525726255,0.3405585512911473,0.6364270827448558,0.5071045061658103,0.36047636792916227,0.6873979600927493,0.4656649013158631,0.023959168513782946,0.017918410001652084,0.024628440923578552,0.0204503402918449
Crown Heights North,1.0,0.5277777777777778,0.7102702489671104,0.27520292646895966,0.4274124792529052,0.11254939711748699,0.16251664198198063,0.7284313308003832,0.042355376571885144,0.12236456806567515,0.6596881222232343,0.48017016898018483,0.21398066167484978,0.6858843180614996,0.3636146810957705,0.21359990127548278,0.03296078626811715,0.028523892628589304,0.04771447071203501,0.031732131386249245
Crown Heights South,0.0,0.0,0.607713008730058,0.2946871788855474,0.5764915785067886,0.06411311819058396,0.2941412400459068,0.6632860090073397,0.017348743776365177,0.09632845713365897,0.607829441072405,0.711862895901484,0.18417869209092666,0.6869235285696896,0.34576126502088855,0.22729172429060174,0.01997213739693389,0.018948367240327287,0.0345569181492971,0.02074581083565403
Cypress Hills-City Line,0.0,0.0,0.5541312733378501,0.18418827068790575,0.3608534007802397,0.6910084295630888,0.029606544393593913,0.2707918110420119,0.11273975990391491,0.10802068325814278,0.6134781018666641,0.7088253868683944,0.17909233105326544,0.9287586440161003,0.10471588632526586,0.04032327118636164,0.02202030177004632,0.017194210576295978,0.02015749022579365,0.018990327431589262
DUMBO-Vinegar Hill-Downtown Brooklyn-Boerum Hill,1.0,0.1388888888888889,0.5505545540657866,0.22482316938337119,0.4025327629234642,0.2095791195642649,0.4709625695962163,0.21458247659919918,0.1558446619366298,0.1639455000693526,0.29102462546772473,0.20210033661333615,0.7247292868381652,0.319921947098634,0.6653131918403742,0.5508936970722562,0.03956086720421207,0.04761826638339061,0.06189019016667845,0.04643683841580964
Dyker Heights,0.0,0.0,0.5267852643596629,0.3961910776641906,0.3858762289680519,0.09977984769836523,0.49041485007947505,0.007944969610363187,0.5675075504289879,0.04223142425661707,0.4727421934693239,0.6290482371483627,0.3641689043706653,0.7483289557450009,0.29627173415951197,0.1697201365746377,0.007427474180779311,0.007332348205285031,0.015082731311905415,0.008095065979039055
East Flatbush-Farragut,1.0,0.08333333333333333,0.8141009920520395,0.41614795968634827,0.37416550906237966,0.044635571887856655,0.013443203401799353,0.9770594334168352,0.023034687341899365,0.07154263217994922,0.5047335449241641,0.8451102585021594,0.24780650424252762,0.7845021848350091,0.26516746879064534,0.1374865800821779,0.02292052537943882,0.017168605344703707,0.034806950460058966,0.02064313569292693
East New York,1.0,1.0,0.6981555478498271,0.24104163900389977,0.5167205227214521,0.28480655462489646,0.013988393629714468,0.7311265002814142,0.03981949473360727,0.09315249864451419,0.740364422038697,0.42792022836890353,0.14466358749732094,0.9039529578707391,0.14420641953818342,0.04677429467123598,0.03795413826731918,0.03356593203153959,0.04470738628466713,0.03599779239885566
East New York (Pennsylvania Ave),1.0,0.3611111111111111,0.7420327751780627,0.18797261250988237,0.7173143792257571,0.24366678845497178,0.015997931512576995,0.8044797043026143,0.008879849231140744,0.04737205000329376,0.7956830241580356,0.3384039250598496,0.11728602001814903,0.9537450544009888,0.07483549716102551,0.025294184385551616,0.04055416541086295,0.03625619379270762,0.05291029767391297,0.039180959337177766
East Williamsburg,1.0,0.1944444444444444,0.5358717254476493,0.3328049693920796,0.3656605447544221,0.31750907451998794,0.46346003487460213,0.09516036908818126,0.21654847757564377,0.08263102701579333,0.5154048448592533,0.4504150352687165,0.38419179715412144,0.5522907241041486,0.6273797197057934,0.2043121484456087,0.03003931041475421,0.025660444327050457,0.039651454359853254,0.028358810706646892
Erasmus,1.0,0.08333333333333333,0.7668127639496358,0.3328650606746054,0.461981125291557,0.08254393204050434,0.04055689420062701,0.9091332578186158,0.02112726644102707,0.09137484438793755,0.6286327476275143,0.6757921155288641,0.17478643962170282,0.8232383027970166,0.23225401121811373,0.10262918828390069,0.03915832133751718,0.03212412565144126,0.06416535857668197,0.037363297257416724
Flatbush,1.0,0.05555555555555555,0.6446474589898976,0.27793563562297147,0.3894512000481615,0.1905167231095113,0.2333792761809314,0.4987617678184326,0.14392127268856691,0.13172820546778732,0.5608986824683919,0.7132678592127971,0.23538283635557603,0.6617166306342201,0.3839272458218663,0.23553925870368864,0.018282849865963086,0.016633135753360704,0.028177155787138308,0.018242872788996688
Flatlands,1.0,0.027777777777777776,0.6533633679164308,0.3533897309258246,0.4535180952963197,0.06836388494958509,0.16320167364801705,0.7714140007461333,0.05790359127450762,0.06983629227783031,0.344370545951582,0.8091674628870372,0.43806474954315155,0.6938019997875681,0.3572207085039621,0.20618753908883483,0.01691068153804528,0.0142009393247017,0.024839503517222486,0.01605802645265892
Fort Greene,1.0,0.1388888888888889,0.7097607330953859,0.33073414948973007,0.46909122169475753,0.21930521841046194,0.2945856056440498,0.40904173817477385,0.1362199296291458,0.14907820453730147,0.4702321847232539,0.4474293472017886,0.4351060237529397,0.4724520040811546,0.4851119190795592,0.45724852299072405,0.035827999019293635,0.04121939283864994,0.04772297400067709,0.040140848092504004
Georgetown-Marine Park-Bergen Beach-Mill Basin,0.0,0.0,0.5424061833140139,0.4353748407412666,0.3267482834430397,0.09322652444677079,0.7122041352406093,0.13905135921278264,0.10463916086868387,0.0658604568150043,0.276733643052336,0.5900690767157432,0.5948587226913072,0.6070190823435497,0.42770447452169047,0.2870856090170864,0.01294640560887805,0.013943476665311382,0.016641906992252032,0.013885436780079786
Gravesend,0.0,0.0,0.6611507630061846,0.4977951724417101,0.49677255658999653,0.13576549830945572,0.5294819768424611,0.08616367360205918,0.35038327702549915,0.10611890259746483,0.6597261900638757,0.4248100683394719,0.23471802247626608,0.694730125721189,0.34408276447375724,0.21599636276540246,0.01488506239448914,0.013588608761827053,0.02119743343162605,0.014715290587410041
Greenpoint,0.0,0.0,0.5599698555634238,0.24685688525226854,0.25365948975183944,0.120817844867604,0.7953584122919035,0.023487948046538653,0.0818945299322411,0.14162399086077498,0.31390570224892744,0.717753927787688,0.505957884918566,0.36689356997933464,0.7524473222997562,0.39912390791381236,0.01756291905271567,0.01685492827415331,0.02457675760020564,0.017807453150532795
Homecrest,0.0,0.0,0.5050013559417494,0.3803272557650197,0.3735936314788017,0.08550338661327805,0.8210814075373568,0.009682862404523441,0.1215859416754741,0.10143051170423642,0.5248103792559423,0.5540275581091821,0.3349333426665896,0.6056728090191205,0.4550638365417564,0.2657017075360104,0.01246711340873533,0.011305591314814829,0.01510049470507282,0.012029264324718233
Kensington-Ocean Parkway,1.0,0.027777777777777776,0.47944421543000004,0.2741262462104816,0.2975227268731335,0.15675551280450992,0.5232931527506992,0.07783703500334119,0.31458912683971263,0.19118906104661745,0.5078919695490608,0.6959101763668892,0.3003269971621183,0.5746595299198853,0.4592635569463549,0.31270239745055595,0.010055323325272914,0.008790426765364717,0.019660050809624314,0.01021552119600797
Madison,0.0,0.0,0.5066565730423527,0.47340743083640136,0.26650876963298853,0.0696024059054659,0.6889525223208395,0.01415466699617143,0.3121489943005218,0.09800124424707125,0.4569806714645308,0.5976063921388869,0.39334438077599865,0.564952808566051,0.49102245692049395,0.3011725735234004,0.012883004134686505,0.0091197713311035,0.014497192232421765,0.010810302873659227
Midwood,0.0,0.0,0.5461099142229688,0.39961825860120753,0.41991199278143965,0.05335315600167372,0.787461916189956,0.05740360592025545,0.15657737226167873,0.06548831106565883,0.5823945347830809,0.40879271133272777,0.3259723328766043,0.5447734015299677,0.4850013272338003,0.33929946413552053,0.009683794366335537,0.008361038063451884,0.013855238840536776,0.009296033486166339
North Side-South Side,1.0,0.1944444444444444,0.43794534988219924,0.16461539792010405,0.26818443928501573,0.37760038492305487,0.5530177805644972,0.031268525482351,0.09883795657799567,0.10488027813332898,0.38085839701554147,0.3788591614118998,0.5593599226892018,0.3756483307886799,0.7654912656864281,0.3735915099510637,0.026393279549280238,0.02172846356971423,0.02748084034101885,0.02373764543247937
Ocean Hill,1.0,0.3055555555555555,0.688005310573621,0.2696677189504214,0.46826551316943615,0.2070630875298368,0.03664110390444689,0.8041462740846097,0.0258504650288423,0.0472318783522706,0.7496375283633722,0.5004538721416082,0.10721651384223152,0.8515444303092158,0.2237015162154386,0.06379886445033806,0.036730845213451824,0.03214184386844268,0.05370754976649387,0.035622441482103494
Ocean Parkway South,0.0,0.0,0.4811130807967916,0.3680182469650146,0.29107571299124274,0.06376731639630479,0.870498623362701,0.010991744318567951,0.07122906410538749,0.12743389764042973,0.5088272694762984,0.4548111298906755,0.3897921523282679,0.5840059643144903,0.43016280198885026,0.32252920624321696,0.008074075305151812,0.007756621895662487,0.015459482026868107,0.00858468141871912
Park Slope-Gowanus,1.0,0.3055555555555555,0.5511247866352513,0.22714655564396155,0.21605732291526383,0.1637551768856937,0.7047924004259718,0.04789390468393291,0.09826708492174091,0.20382903884246495,0.103068892918877,0.4026640206927564,0.8566305192734491,0.11599637650586878,0.7648598428998197,0.7979446649833193,0.014195960298009775,0.012995878708348356,0.02401150238964735,0.014414419104942696
park-cemetery-etc-Brooklyn,0.0,0.0,0.0,0.0,0.3988252936765808,0.23416327127371653,0.6089464222648138,0.06693507561666152,0.1047501701092748,0.23929219993632597,0.0,0.9288812165999453,0.77272798509898,0.2753985274745425,0.9533657896214197,0.37529019226272714,1.0,1.0,1.0,1.0
Prospect Heights,1.0,0.1111111111111111,0.5230958024439611,0.2632604410564649,0.25629065605859674,0.10226739737885435,0.5317773214386411,0.2739012141597396,0.10233032878301154,0.23864413878878943,0.26184858291317087,0.4088791759512119,0.6792757669348731,0.21828038703063948,0.6856690011088719,0.6992501300229763,0.017224529968158157,0.014874675873384438,0.023397704781471098,0.016418684005996907
Prospect Lefferts Gardens-Wingate,1.0,0.08333333333333333,0.7222661533155574,0.3756206805653391,0.4771612450026507,0.09149499154702001,0.1514526800847444,0.7754746878562835,0.030191238990269088,0.09984974194354049,0.6187460831926909,0.6159382984411025,0.20815048261880129,0.7417320793882194,0.2946141761786012,0.18191635156191568,0.027107280701192196,0.02372366469811636,0.04333441393192872,0.02664078764127261
Rugby-Remsen Village,1.0,0.027777777777777776,0.7795694155793105,0.3836385933406881,0.44112144978948925,0.05022519660210955,0.014501358821650207,0.9829649504759385,0.014725399519221456,0.05030120245923327,0.5977618261789083,0.7063522174136495,0.19734458797311863,0.8187792184487132,0.23549070805774885,0.10711764951243341,0.0252913184271226,0.01897545253086549,0.04517304034218795,0.023436443447066024
Seagate-Coney Island,1.0,0.1111111111111111,0.7231576886488904,0.5281057119441944,0.8021361548558742,0.2756739794168022,0.3248699951147433,0.3287066019900513,0.14811842545612092,0.09840794322340767,0.8269179542106817,0.1972433026122844,0.13584035070504974,0.7945762321721991,0.25674561518128924,0.12830240782473346,0.03260877655073556,0.03244711959823539,0.0538303474008236,0.03451978953098382
Sheepshead Bay-Gerritsen Beach-Manhattan Beach,0.0,0.0,0.5801745473499191,0.5247410041234586,0.44731190083834965,0.07091156545044708,0.6901905214302946,0.07820212280604451,0.23938037872338963,0.06294265965320145,0.5112456777776152,0.5427646708456079,0.3541131383126971,0.5712966377789639,0.4968397379803673,0.28580407897383353,0.015051160449566793,0.012923612591147639,0.022924544704648504,0.014537535285744984
Starrett City,0.0,0.0,1.0,0.8182958938080096,0.4759235656924278,0.17730053086520414,0.23181625828929986,0.6078816116047528,0.034246762093889285,0.09844805059830831,0.9251070331860693,0.2341410648334057,0.013757600962423802,0.850294065131281,0.15788533494111673,0.12256737632462675,0.012243908589649187,0.009456013005239818,0.016588259286176278,0.01100610888077077
Stuyvesant Heights,1.0,0.5555555555555556,0.6489517526139417,0.2881697110863666,0.6023849652560122,0.1791477909325639,0.09825917409191078,0.7387294686356163,0.046789264804400994,0.08760576103722055,0.6525973992705999,0.4218659126090202,0.2436811300065461,0.7453470701186095,0.31527665922876386,0.15820668792418058,0.03134809442803418,0.02594617568360567,0.04820013094167857,0.02974719628112597
Sunset Park East,0.0,0.0,0.4270270193171677,0.1990146445445884,0.37098060292308493,0.34226170814741425,0.1301704716234171,0.015162443975992139,0.7444480223135164,0.0486509336082348,0.716052021224662,0.554604327422732,0.123912333426968,0.9012406431613998,0.1289997172391843,0.06430819971576451,0.01429566489677353,0.011761301391099443,0.017435058849383067,0.013093852825705387
Sunset Park West,0.0,0.0,0.3013664970513328,0.22175110997721573,0.4016078876220805,0.7148195799811894,0.17561165451760039,0.034109816825962605,0.20712524532972948,0.06284222556622472,0.5811669051379237,0.5446270523389928,0.27634034513916483,0.7877752163399022,0.23419796154959355,0.15883721091352965,0.02010662753913835,0.021904368138680463,0.02988624852700117,0.02209440669316492
West Brighton,0.0,0.0,0.7571378656855927,1.0,0.406196745903897,0.0,1.0,0.011501062251629236,0.012737608299098448,0.017605777171674473,0.6531058054103183,0.5312185372089976,0.2020753891042427,0.4356337013117816,0.5854863429687577,0.4308303210350582,0.03367537775876326,0.03148658143712048,0.0378792196271545,0.032778560532115704
Williamsburg,1.0,0.027777777777777776,0.3868359363987408,0.18375869935282776,0.20197501644996912,0.06357922158445109,0.9224997152995964,0.03963713350569861,0.004155853485138165,0.016186369487692906,0.9253381817692368,0.08844269034234842,0.0681904525739001,0.9894871597732414,0.0,0.03145671357572358,0.005682133228615561,0.0061355233755377185,0.010727310752130266,0.006427285581331606
Windsor Terrace,1.0,0.027777777777777776,0.6404443017100405,0.3071123303143003,0.19351832714898196,0.12156840502315641,0.7109670871162728,0.05205665574636546,0.16463644643465497,0.11941603125265399,0.20793762396200388,0.5615971143365667,0.681379067943872,0.25735076110483834,0.6971791816246481,0.6255579696264819,0.006757824894963943,0.00573842618704247,0.012384041456922578,0.006687005972104243
Battery Park City-Lower Manhattan,1.0,0.027777777777777776,0.528007149615739,0.1368514037226117,0.1741319293220791,0.06968557961208863,0.6825075586211552,0.025681322138192943,0.298248661288312,0.12021518987791145,0.062206537208247537,0.1542212514727057,0.9949254348867085,0.0,1.0,0.7846064735794451,0.018461237138034697,0.02604619350799675,0.027643240384129186,0.023814691153202106
Central Harlem North-Polo Grounds,1.0,0.4444444444444444,0.6362872561078969,0.24327831802582403,0.6643158974261526,0.27244337931581836,0.09171645604288028,0.6608976974689201,0.02806584195952681,0.12972009304535181,0.7128709556517876,0.42444171322997704,0.1762751262397894,0.6924597705120419,0.3323251847874671,0.2298360588357216,0.022331347413024717,0.027600514558163473,0.039248603003909345,0.027046801508175778
Central Harlem South,1.0,0.3055555555555555,0.5998692498979867,0.2221839819841179,0.338992043504507,0.198657711304391,0.20679741558739903,0.578244431192908,0.07321882437086995,0.11716652305223703,0.5094812767009405,0.41685430007216084,0.40331827773575035,0.5232636188975887,0.4440695589421825,0.4096876569396495,0.029154764381970625,0.03667660158570004,0.044173037173642536,0.035022742503529006
Chinatown,1.0,0.1388888888888889,0.3384605525360347,0.4606580529099883,0.3773320056260526,0.1407286622936816,0.1838538941277653,0.05986828075973821,0.8270750941980426,0.1384506824191504,0.6542523731825328,0.3721130744503006,0.26053150814852044,0.6518340083019768,0.4702877447789663,0.17723486552424278,0.026924962814127682,0.029898628309977856,0.030021609352716517,0.028976198508970055
Clinton,1.0,0.1388888888888889,0.1900477700826455,0.29479967899471776,0.26992915932955114,0.19567999141178843,0.5914396028227751,0.06177294685847941,0.22296513084897404,0.11768819084842488,0.3179995189342729,0.39965301101917683,0.6208439513363326,0.1742742895558074,0.9340186783384964,0.5570225964907598,0.04240275860217363,0.043006538592133874,0.05027386236557727,0.04350404727175767
East Harlem North,1.0,0.6666666666666666,0.6660003532641761,0.30003412392698126,0.43449676463517956,0.5297843164796245,0.08587829417954396,0.3956329059718923,0.07654401181419689,0.09590440259922708,0.843315041080003,0.20341063926964886,0.11545104009992249,0.7561609263573004,0.27378114721965496,0.17632151073216165,0.034472878686023056,0.05141235642136741,0.05330235413531154,0.04627020468002651
East Harlem South,1.0,0.4444444444444444,0.6682938981832893,0.3395228652371649,0.5156210861432993,0.4762204329095826,0.2262284135572611,0.25277575323254864,0.1375531096693685,0.091911659921524,0.681517595620352,0.36072986125822937,0.23474988664206534,0.5821216017109301,0.4461404126037877,0.3118336327370385,0.02031665655894327,0.025565314782979708,0.032201726426873134,0.024544164515586987
East Village,1.0,0.3611111111111111,0.41602802073631917,0.23812674222071425,0.24972857527707118,0.09553244351511095,0.7153988593198087,0.054880735612408804,0.19477121482712786,0.09528237968206844,0.37902313287084466,0.3854613812955848,0.5589047910172456,0.18168444399270148,0.9557255204698135,0.5262182496852947,0.028115288811901135,0.02402639036624596,0.022074529368155373,0.02512619625904594
Gramercy,0.0,0.0,0.716898069264936,0.2893063589047645,0.27058559654329056,0.05606787803801209,0.7482817554897565,0.04263752513285417,0.20189535039667672,0.1303252630901868,0.09547699782309416,0.38742065153129823,0.8707205934501667,0.04380845083513796,0.9930579850155276,0.7190848695234351,0.02744665589944522,0.023386855109522996,0.024980077000809803,0.02481272657277598
Hamilton Heights,1.0,0.3055555555555555,0.4167811395259702,0.2662603936695746,0.4360700998280695,0.5058757309547212,0.1725871934877082,0.3262088960645041,0.049456406565239454,0.1793641260031945,0.5966445835381994,0.6479238290637696,0.22050711736537673,0.6596539467011034,0.3504602668275868,0.2677515436539812,0.02276979619348467,0.02939792484238139,0.04499535497583621,0.02879077844098787
Hudson Yards-Chelsea-Flat Iron-Union Square,0.0,0.0,0.3523316393364797,0.30082358996040254,0.23222665756830413,0.1328508952261057,0.6648690198455954,0.06254601448866959,0.20229905482125302,0.11015336313899528,0.2156909661275217,0.1828207176096185,0.8150057029223334,0.13194464281185422,0.8592936809986005,0.6905201035944606,0.0,0.0,0.0,0.0
Lenox Hill-Roosevelt Island,1.0,0.027777777777777776,0.7418007117906105,0.4504866854144918,0.16358992017245935,0.07409101196517515,0.7585893774501877,0.04218272192338143,0.1680964363576484,0.12740951340895593,0.16224560696643398,0.39708546837227565,0.7934942812301254,0.08160915104578523,0.8179677851738674,0.8082978771015008,0.007432640006829566,0.0065749375147140425,0.008065285077358632,0.006985270370912566
Lincoln Square,0.0,0.0,0.6652725101016923,0.4910047372227738,0.22880628259592725,0.08624459427160058,0.758768582324091,0.03712622063414921,0.167963036090808,0.1035239674389966,0.14471323621981197,0.2078573909546354,0.8838465565369844,0.053534710567658655,0.648717589192137,1.0000000000000002,0.013852795765854919,0.01686283369252641,0.022814864975677373,0.016480144994967645
Lower East Side,1.0,0.7222222222222222,0.694993757120355,0.4892966003998318,0.41313569533479844,0.43266904463196765,0.2286832631081259,0.12078839617566058,0.34040118884591264,0.13392735053181876,0.747679727544731,0.12307192273892242,0.2510242802256496,0.6500505893524168,0.4557575078452273,0.19266955656582238,0.01795714936342002,0.02188272654079899,0.03719559741935287,0.022097572261655325
Manhattanville,0.0,0.0,0.6854384987129847,0.2855465664409417,0.3973684355741684,0.6318924658303471,0.10136939407547246,0.2999391229763053,0.05567649555914486,0.09462036381669735,0.8516531328176202,0.16848324806327897,0.11936995023675043,0.7071186421611818,0.29001744852476835,0.242375037783242,0.027246019058804465,0.036068161451486974,0.046457289120863915,0.03427938201643441
Marble Hill-Inwood,1.0,0.05555555555555555,0.5648156439379082,0.3067402781193992,0.5617117546360033,0.8303100605643844,0.1641230488534735,0.08216081638887368,0.022587626303023165,0.062172547723628305,0.6508348465485656,0.5930216882244667,0.18138094237554692,0.7168657504902388,0.3006304324746108,0.21731817994202585,0.014535163224509448,0.013457845756102345,0.01668286420227877,0.014101183754262711
Midtown-Midtown South,0.0,0.0,0.5374451057522514,0.40477889601398537,0.23849506373406645,0.06542443594661926,0.6565936782950897,0.04474435701740581,0.3052853195463628,0.1441697157134165,0.25273606975835716,0.0,0.8427925621963408,0.0819323132851493,0.8112293565015445,0.8135783262543561,0.18009076242670247,0.15430357174008003,0.11313094925466047,0.15851050925294752
Morningside Heights,1.0,0.08333333333333333,0.7272009860129272,0.33248538681103307,0.3121343311201861,0.2260615885061242,0.5083277587215868,0.12196429665318932,0.21023320730184564,0.1470319064162727,0.4554233648395254,0.32003144349336954,0.4992482911657149,0.24554088641632302,0.545754630081973,0.7753486489184924,0.015597991733511217,0.01565493702813966,0.022806062547496418,0.016313224862336356
Murray Hill-Kips Bay,0.0,0.0,0.6443850998292087,0.39665499243011954,0.1808662815365272,0.1088027591504517,0.6452014501662966,0.0452991796469399,0.2694975003528322,0.13873910527236058,0.21044629262589415,0.4286538280007489,0.7285138214042617,0.13949684216190747,0.9189901570250173,0.6267402532238882,0.016788915002919735,0.012730110872685624,0.0173514331732962,0.014441991415671112
SoHo-TriBeCa-Civic Center-Little Italy,0.0,0.0,0.4693883515819759,0.3009015529429925,0.19261451991598721,0.04558483382437659,0.6873257269985159,0.025406655702533896,0.3040971399047501,0.1694971020808834,0.17633083438821012,0.12233280153813975,0.8810961809213733,0.12940743089031206,0.9075168392463019,0.6530973550783852,0.045048984346524205,0.05286083763219384,0.042410372925304377,0.04941891179031773
Stuyvesant Town-Cooper Village,0.0,0.0,0.9680640775069604,0.47013161672586223,0.12020566286999677,0.06529681745491431,0.7794900533306166,0.03660242424255701,0.1608648654583147,0.1189710438217495,0.1889041085465054,0.49359199614066374,0.7278852076198966,0.0378288354514231,0.84005419498282,0.8607204490375875,0.0028171336964103013,0.001781873742308533,0.003083425150882272,0.002230127558385967
Turtle Bay-East Midtown,0.0,0.0,0.6592817124266097,0.6363909369795623,0.1372556615919498,0.04390026560372302,0.7840267109048027,0.019514659042081824,0.2145689240092869,0.08358557005092096,0.11111882119139865,0.3171950625628196,0.8798377643234124,0.040090262335295224,0.9368613738058441,0.7735902040894529,0.019879966597336946,0.01594661309848241,0.019346726019292514,0.017503616839024735
Upper East Side-Carnegie Hill,0.0,0.0,0.7577225224822808,0.78032183332064,0.15436664377401257,0.050787077018333425,0.8819753289456775,0.010437732087847047,0.08603967750604362,0.08757336458121881,0.047434102748134366,0.18408418012284278,1.0,0.001555981443829596,0.7867265618283599,0.9658893346089643,0.023113063787570633,0.017977259811895886,0.013949404558570301,0.019209613564552457
Upper West Side,1.0,0.1111111111111111,0.7105711667775148,0.5183806625788272,0.2493646004332313,0.16046952369619422,0.6929644836614716,0.07878434328142234,0.11107000289788246,0.10990013974910529,0.23259012406707535,0.297021694120681,0.7535127132800619,0.14549978237115227,0.6760865142855523,0.8263032796681113,0.013761071991106799,0.015014218835086112,0.02509636762607732,0.015573910724986685
Washington Heights North,1.0,0.1111111111111111,0.5067612516878222,0.364604103811351,0.4837994956072323,0.7235472199621518,0.27078624771828336,0.057643143048588266,0.03831322993631449,0.06734922406532798,0.5643462564378573,0.6317998910400414,0.2621614640658606,0.596039842945228,0.4259610299291984,0.3065088279938331,0.013528299891422478,0.011435601144815866,0.017780497827831643,0.012692880823891684
Washington Heights South,1.0,0.16666666666666666,0.4608894427460939,0.3140927762061688,0.5945514816624264,0.8235871672973211,0.12733000905551672,0.10960524145429494,0.0452133660408314,0.06060309801127367,0.6459588981971685,0.5486145643563655,0.20342381205521495,0.7222420408781889,0.343213417741689,0.1718401833468912,0.015120670890070891,0.015094229425970407,0.019735687090497046,0.015541408148634906
West Village,1.0,0.05555555555555555,0.46677838254410364,0.39516048116111857,0.20677656047588314,0.03892643048934374,0.8472953133246636,0.02125834467242534,0.12071261108353751,0.12217229728318657,0.1395936239279562,0.2760364453329205,0.8638989786275726,0.0028915341769674974,0.9709082324476034,0.8049613486058937,0.035277439650943314,0.028458748049369122,0.02256883041203567,0.030043646378300738
Yorkville,0.0,0.0,0.8105601394071593,0.454782182580707,0.19123338749368116,0.08941558549759948,0.7861658234965602,0.033022194051616605,0.12530949903538743,0.12545966673320166,0.18154333276990625,0.45043570862596327,0.7521975883620253,0.07357893603504237,0.949462149164742,0.7080686077644371,0.006849743566469729,0.00544290723026386,0.007970580198054349,0.006123812896934009
Astoria,1.0,0.027777777777777776,0.5235569770577126,0.33626379787514726,0.317177869449518,0.28396253983119935,0.5247350673609444,0.040177251249895185,0.23339134185742927,0.11726703811255694,0.4388077109041958,0.756164002683322,0.3538619882464512,0.48557171573961755,0.6186906190349233,0.3207014250764862,0.01810501538663917,0.019421779204793564,0.033228271946309285,0.020313643835540032
Auburndale,0.0,0.0,0.4856337304327156,0.46006099254191224,0.2742337270160072,0.12367381448340348,0.38563654985436324,0.010558948047839908,0.6503123493415855,0.11360360221327437,0.24970819764004754,0.8747847589962391,0.5177811465435692,0.6157846546028505,0.4043346893196186,0.29292093056901514,0.0094456059041334,0.006422624163527516,0.01453421338809114,0.008139164774535761
Baisley Park,1.0,0.08333333333333333,0.5972659981506929,0.2865399309329659,0.47937438231125873,0.12221822822016648,0.007236125353374647,0.7845184578342204,0.07554283612782565,0.3838887739778602,0.38921583831144635,0.9216948882786887,0.34639506748783855,0.8722065819506329,0.16583961033366063,0.07994547240156101,0.023448809109332315,0.019020876472866967,0.01972665198232651,0.020478469332493063
Bayside-Bayside Hills,0.0,0.0,0.5357279511057245,0.469571221942663,0.2772764611294508,0.12484296421907101,0.43604794142605774,0.016974962250573357,0.5888271714703222,0.06955055061026204,0.2401295801788706,0.7591023631821058,0.5717607964353183,0.5458833933033226,0.5021567533679461,0.3227012764142356,0.011762794264085523,0.009004110111439104,0.01643253169951816,0.010573035248657821
Bellerose,0.0,0.0,0.5196469748754948,0.37216369853002096,0.25939883967708893,0.2080354234196994,0.28855392864120494,0.06916124969820076,0.5894773635930466,0.15411594109403717,0.3031569061505034,0.7149739525824544,0.5188496777874403,0.6551616114881066,0.3762494907627799,0.25285602315655037,0.008647593278706166,0.005552202010214395,0.01557131992342189,0.007471853625278122
Breezy Point-Belle Harbor-Rockaway Park-Broad Channel,1.0,0.027777777777777776,0.4036066825854183,0.5429395805991606,0.30269606263427296,0.11224183735275572,0.8201755410116354,0.06669070821630271,0.032715985042710796,0.05877879959842302,0.269033108427385,0.6844966435124605,0.5679037440765246,0.599463715879354,0.4158019655663717,0.30967651836394844,0.014737793980010851,0.012896387539118603,0.03013157922141644,0.015104466000611454
Briarwood-Jamaica Hills,1.0,0.027777777777777776,0.5173620774633649,0.3334902608800685,0.48150974864536533,0.2850011012573906,0.17199756220732818,0.12726744583332433,0.5547007634156857,0.2217939217519298,0.3895679421735677,0.8371443878418626,0.37774283682811427,0.5866821445502614,0.5017186023946589,0.25648641494362373,0.012821049904878683,0.008832842004359586,0.017487450096609913,0.010903915040382375
Cambria Heights,0.0,0.0,0.7027125553176625,0.5649693786558033,0.31593787734603024,0.028998208011921316,0.008153831374014434,1.0,0.009354417052383258,0.10120942872156889,0.22172971439880773,0.7842303201790458,0.5826111212541648,0.6938909510174343,0.334733051872678,0.22542469308644875,0.01512669374865362,0.008547999995947613,0.019601296172338082,0.0116595787610611
College Point,0.0,0.0,0.4741046684974899,0.35559303038904333,0.29421606127662525,0.41313024144848826,0.250579565296186,0.022845750862043466,0.45545309689067676,0.14597139469106576,0.4851733987497068,0.7703134662270968,0.2974423895580919,0.8337496750370806,0.23355631195528487,0.08434985751601419,0.009549279414346882,0.007705553164012052,0.020325750437474758,0.009477989342565251
Corona,1.0,0.027777777777777776,0.33171043240140463,0.27200458825859036,0.27310258125810044,0.6897569545829234,0.0678306993350101,0.17844803918532126,0.20166463493036282,0.04856264001182637,0.6214828246436047,0.7194599280808799,0.16627711538207118,0.8937622800400947,0.15724869999698954,0.05216644017450442,0.011010528807740122,0.009670716841410883,0.01804084431309812,0.010883002969404516
Douglas Manor-Douglaston-Little Neck,1.0,0.027777777777777776,0.648685791066621,0.5556623262421562,0.2483698462758236,0.10780230201380264,0.48727466715142226,0.01665259283559432,0.5287673840716743,0.1063371099841374,0.22682950264174778,0.7341059085882718,0.5958037706086752,0.4680975941158855,0.5496476814649086,0.40873183932583335,0.00841876600516047,0.0055250202151305335,0.012540034888361811,0.007097279867400974
East Elmhurst,1.0,0.027777777777777776,0.43871661557811104,0.34526411407626223,0.3705832627643014,0.6990527265391983,0.0527680943016257,0.2488474044161678,0.11125118513138113,0.07610343716641384,0.5704109001846983,0.6304428526519338,0.2559858056102273,0.892537188847219,0.15330211473407895,0.057567659955196,0.022132061701661095,0.0199549768855562,0.03233273766162812,0.02180920075509712
East Flushing,0.0,0.0,0.4335216158145565,0.4246440402281558,0.27544267663416144,0.19245135117533266,0.14686278525821525,0.017569583956412473,0.8805219879055672,0.10260370218146278,0.5639205753366673,0.508536816866426,0.30889728202874334,0.7606052631697081,0.3228916413548847,0.12673853988179037,0.00790563913734512,0.005252738165328106,0.011550179954438713,0.006681495905625818
Elmhurst,0.0,0.0,0.4099531629027724,0.3214981689625667,0.28542721828966433,0.47518940862375236,0.05933332108736937,0.022002684917997194,0.6533984735937918,0.09755528105028542,0.6223053935478465,0.6099631731540683,0.2064698295233506,0.7728343515567269,0.3197334789347665,0.10950003865224756,0.018071101588843334,0.021217548526543836,0.016027924798845614,0.0197385128040031
Elmhurst-Maspeth,0.0,0.0,0.4907239004592161,0.3283856662681225,0.2413723146413175,0.28654208989889196,0.1395183297102476,0.006847345178255564,0.8109836018906121,0.044549735738506374,0.4478995856521554,0.909308051985733,0.2863577018966048,0.7025485209226676,0.39116554443821216,0.1626538964108845,0.012111865560141424,0.008405177252419118,0.01605905520102778,0.01029319807548312
Far Rockaway-Bayswater,0.0,0.0,0.6753542277425546,0.34848032804133955,0.38366588334943735,0.2821151520518861,0.27661742640862746,0.45583262149291964,0.04817435207325363,0.08208200638119824,0.6410593249718486,0.5418191824713671,0.2113752177785582,0.7784539900529527,0.2435604898312539,0.16598183699146218,0.026219284986766574,0.01998275208989276,0.044844400201012456,0.024292503886800623
Flushing,0.0,0.0,0.6319774787864278,0.44565495662557525,0.26882680050749924,0.13780985272947494,0.07796016691094802,0.04603911634513895,1.0000000000000002,0.10736989227430475,0.7219182178826246,0.433481615367208,0.16290927070978534,0.8046690448742359,0.24471558885387107,0.1221975274523005,0.018725806485419758,0.018798849699813606,0.022317586003776375,0.019108620325438714
Forest Hills,0.0,0.0,0.6285195436490998,0.4928298647172997,0.2617438677685922,0.14614598348427635,0.5607459780099423,0.02981015283747869,0.3600991094871273,0.12934496083614777,0.332362485946166,0.6925745034813634,0.49506413798949345,0.3616725681224754,0.6300436928047606,0.5131466715672666,0.007532491655183982,0.0077684915987871785,0.011686250132515726,0.008064805435704068
Fresh Meadows-Utopia,0.0,0.0,0.5747022446031935,0.4174803929944286,0.39289421919329326,0.11438522564120313,0.3349457932529081,0.032027758596687855,0.6784297486884606,0.18060337404042107,0.3453508020144671,0.6537790695185789,0.49530899710721,0.48885130345651384,0.544509597683442,0.37928580197097844,0.007924206707168169,0.007495234817599406,0.008505653879902651,0.007725519417901288
Ft. Totten-Bay Terrace-Clearview,0.0,0.0,0.6346705178143326,0.720496467711758,0.28009236867768433,0.13201472779549162,0.6429913934666698,0.0062794980865631565,0.31304361106177675,0.0845693399079012,0.27542839753694637,0.7954456629101126,0.519209723071089,0.48122947418876216,0.5455509057868977,0.3908287844974197,0.005749143680178164,0.003891366580267048,0.012168050297429471,0.005257515195269418
Glen Oaks-Floral Park-New Hyde Park,0.0,0.0,0.7073837901655722,0.6872020956627539,0.2786941548863744,0.07707068431588676,0.4739040082155414,0.05353195176960371,0.5192861804841923,0.15603187008084066,0.217141164707509,0.7792253396880992,0.5895476633738665,0.5639403628937413,0.4373537401417974,0.3490827243469377,0.006512466887723914,0.004405694596190257,0.012284300286255698,0.005812414826490826
Glendale,0.0,0.0,0.4729953092056567,0.34891235701190126,0.2867015127866969,0.36972049028576787,0.621479960467938,0.015490074800194029,0.056076062594341634,0.0504626482558292,0.3214061243473614,0.9442738772818092,0.412666323824483,0.7831777741355721,0.27549592873533474,0.130746103190414,0.011009742060640839,0.01223657806140307,0.023336496725111625,0.012900769718182924
Hammels-Arverne-Edgemere,1.0,0.05555555555555555,0.635944440933434,0.28090717389997305,0.5867662828255166,0.28733584858984096,0.16359042811392516,0.5332735444676113,0.0775362934694647,0.12873515766340407,0.6810022066108381,0.4102817224083902,0.2167187872576055,0.8234406575333185,0.2295253759074754,0.10465073974464872,0.03301954047122191,0.023836704107300197,0.0548302666882257,0.02965172288134204
Hollis,0.0,0.0,0.5826226226521758,0.3450261671580187,0.5623921463733952,0.09670872658660565,0.023368020356148364,0.6481928774177842,0.2742314497726155,0.33858983889916444,0.3824236059043561,0.7234952670705833,0.42827600665544163,0.7850812874738807,0.2943989378172564,0.11134645460568446,0.017957070147718485,0.011673824589963473,0.02495577282482711,0.014903330375482231
Hunters Point-Sunnyside-West Maspeth,0.0,0.0,0.4226775891007941,0.2454151404733387,0.21837042232692333,0.3694797868977147,0.3954848123869499,0.019719286788948683,0.3305533791923791,0.11232271578174081,0.35927274605387716,0.6849644582413744,0.4682575369525084,0.5098792980642161,0.5792982502429737,0.3149788073288048,0.016820054610120223,0.017161891233201852,0.029299723764956796,0.01820221008893671
Jackson Heights,0.0,0.0,0.4495518977917734,0.36168034046714787,0.29201050383235644,0.6318096222958518,0.16288639883466316,0.019398117551633887,0.33815155659741525,0.07568141388360503,0.5037258621858823,0.860346634608154,0.24319831818654888,0.7518633171763707,0.30263872001475073,0.158463513296469,0.02018552062017724,0.020239382881865615,0.023548738380801237,0.02053538042851801
Jamaica,0.0,0.0,0.5034408757560462,0.2992933831656321,0.5405540012998092,0.3931232022433887,0.033962753930884375,0.18539471394320273,0.44176368379030134,0.48978118713124824,0.6600335998669451,0.6196175372423803,0.16125850332753008,0.8197597261809705,0.25186986777370934,0.09139988012728911,0.037094182353198446,0.03209536378930624,0.03932128551605147,0.034348790322325864
Jamaica Estates-Holliswood,0.0,0.0,0.648453457292653,0.4773077281557041,0.35047442559249686,0.12332276241162202,0.24661767837245396,0.2748177587000994,0.4598792363460173,0.2263738016552024,0.33329362190990863,0.7719807210981856,0.4642327591512978,0.5119400737486238,0.5202473115559989,0.3625117792784721,0.014824839105433422,0.00988683631228915,0.014622486450986296,0.011885692281798218
Kew Gardens,0.0,0.0,0.5295276648758143,0.3673956247375618,0.2667947826447805,0.25657235306190623,0.4864468794712065,0.07119124256881675,0.2682874067054993,0.1446227948344419,0.3807755595011676,0.8438103110607981,0.3849325844184234,0.48567339280972144,0.5490229773898057,0.3805827207279453,0.010697241274793682,0.009556507107348872,0.022662789311960984,0.011154088171095358
Kew Gardens Hills,1.0,0.027777777777777776,0.5613612132741221,0.3659668042459797,0.2478654751162895,0.12251306070072615,0.549766425309514,0.0774387522157349,0.3349582724611162,0.15081655375161393,0.39133215821167744,0.7065441280443922,0.4248187448130837,0.5466357539383043,0.4624319749561908,0.3557124528581873,0.007662441577371418,0.007255780390037753,0.013241171020949509,0.007949465585527659
Laurelton,0.0,0.0,0.6183987013951397,0.44522426289357026,0.3425585399885707,0.04608726697072655,0.008087510021588414,0.9772722039286712,0.01134118847424878,0.12013532697435364,0.24059486713266437,0.7521577266638363,0.5738545713039579,0.7263554832097715,0.3163076294851162,0.18831651835089003,0.01623862577940212,0.009922043125423817,0.021517395829931566,0.013002544328958568
Lindenwood-Howard Beach,0.0,0.0,0.5920839047123292,0.5834173123949453,0.3462972463237859,0.22677883463139367,0.7335269273542736,0.01732360954893803,0.0578380494077792,0.10382302771948733,0.36347112975431606,0.6962508881338384,0.4593933407692453,0.7416304711493268,0.32924748934971604,0.1522313906269311,0.011469353804151644,0.007958875506625253,0.018084607686221315,0.01001899105324567
Maspeth,1.0,0.027777777777777776,0.517667964808914,0.34205172111725946,0.3076493522533763,0.32594100425631106,0.5667074486229456,0.01431117574879021,0.17951117402278016,0.060949375766444394,0.42374059298111044,0.7805021903115458,0.36133508364013,0.7545536652489712,0.32304470722174916,0.1364841456278404,0.012461541697439023,0.011580801513904953,0.0240086705598822,0.013032568469052114
Middle Village,1.0,0.027777777777777776,0.6128292808298981,0.5325425066717085,0.3069999732223447,0.1766248199051423,0.7430956151818403,0.008786357969063418,0.13640448074268838,0.04557907172103169,0.33689848289402546,0.6841943685131858,0.4932096055253894,0.6876590506085813,0.36827183756004656,0.20668909767377852,0.008499878055082838,0.009571872576524866,0.01837657846261748,0.010067677576437225
Murray Hill,0.0,0.0,0.6109117779308,0.4747327541867352,0.2738299951499366,0.14096149956859336,0.2561820549410299,0.014639595425688432,0.7971601075772164,0.11239110321325836,0.5176548323302745,0.6324567396840094,0.31338259495479703,0.7575812349567643,0.28055922942428624,0.16816115707994914,0.008076989465375774,0.005982588516927235,0.011398473160189425,0.007152560108689228
North Corona,1.0,0.08333333333333333,0.20833444765313747,0.14586875592806908,0.29646112855194273,0.9999999999999999,0.006448648138191305,0.03571873309633,0.09887781745098592,0.030361754248738257,0.5917950541802988,0.6771220733245676,0.21489321163786848,1.0,0.0103730592827138,0.005356806901119698,0.020076814407532804,0.017723346305404356,0.01993837040506559,0.01867203601786759
Oakland Gardens,0.0,0.0,0.5118799482643124,0.4916541783293181,0.2571615971443216,0.06250954661575434,0.4157095808051983,0.028633716903519024,0.6548845194729652,0.13046497048301156,0.33140199135326887,0.6355563236689822,0.5175245654888193,0.5111172417551784,0.5104227277848783,0.3723227310449866,0.006753497848649286,0.004875984651030591,0.01413323654518581,0.006341050231492241
Old Astoria,1.0,0.027777777777777776,0.4801151950374636,0.29087907317815875,0.35738561795759183,0.3246519275931828,0.3980143684656817,0.13022852028216092,0.246061604841229,0.09518754436198083,0.502974753457326,0.6110742721930372,0.3375902322420178,0.5456344362847257,0.5903649821880341,0.24708005167422536,0.01555349557042414,0.015090556547650494,0.03750194117977473,0.0173550796177946
Ozone Park,0.0,0.0,0.5178747001371691,0.2686513291276368,0.46794890424680646,0.47854687094205517,0.23969478482830622,0.06286535121931384,0.3305947010397638,0.1740237229459479,0.31566327337301625,0.8553020011633697,0.45239208157391664,0.8029564756201503,0.237088265154824,0.13156688453391518,0.017955727712956726,0.01266958854757993,0.020329113472153083,0.015054264740520922
park-cemetery-etc-Queens,0.0,0.0,0.051445688627944186,0.7734909740259978,0.0,0.07389126174033112,0.722446064177317,0.1532549083701318,0.07649840320117375,0.12258821718049487,0.42710481310939497,0.45673835485163317,0.47915094720560625,0.775120422696703,0.11049394322806914,0.2861143712944374,0.9033199394985718,0.9672739814965102,0.6249048368268793,0.9148126463700235
Pomonok-Flushing Heights-Hillcrest,0.0,0.0,0.6586539893313352,0.3389963079646286,0.5804317587006544,0.2251904937387786,0.3446322511637202,0.11240616563291247,0.44898479390135543,0.12533575326315202,0.523692407736717,0.5716690615839494,0.3295439666717259,0.681281545623267,0.3702032928814787,0.21543384310124936,0.012005952341954706,0.010868631349075153,0.02174307078302601,0.012254108328737296
Queens Village,0.0,0.0,0.5736890753018056,0.36125463572525823,0.5384267187163654,0.16455208835746588,0.06358269217860628,0.5295799288894258,0.23533985248972117,0.4977453992890319,0.3454209033842158,0.7514900769492802,0.45855605879908434,0.8227424293637048,0.23639880102600935,0.099866125611863,0.016238151449349845,0.010416417929887704,0.022442596166312452,0.013382218760317463
Queensboro Hill,1.0,0.027777777777777776,0.47006081761424445,0.3900286896132076,0.3384438784296858,0.16581275921993086,0.14322137218382183,0.01484697523372161,0.9329444387093054,0.06766395978035143,0.4485395810715992,0.8534402014522521,0.30662214461011505,0.7899836773243548,0.23871424446518597,0.151339887751662,0.009331607212186961,0.0054845302796822076,0.009954440401755443,0.007115588393852951
Queensbridge-Ravenswood-Long Island City,0.0,0.0,0.5572526276106373,0.2755313768222337,0.6702038994068276,0.4248504376150219,0.1739159193519621,0.22537540102812925,0.27575641721681665,0.1732652206343086,0.812321522879498,0.2552860194110439,0.13014367147083433,0.772058229784878,0.3152694171391815,0.11461446022021715,0.03480656119743139,0.03215193131296011,0.06931470939102673,0.036499705079134935
Rego Park,1.0,0.027777777777777776,0.6151565496538183,0.5241905820390591,0.2604448539503096,0.17255783847786188,0.4670940251582271,0.03643048915060497,0.4516337209836846,0.10913295831696229,0.47508701447413426,0.5838241169861708,0.37855902132792896,0.4608354156251674,0.620569149767586,0.3594573660737909,0.011104115302016352,0.020687242708473507,0.01433372863764973,0.017076329139385508
Richmond Hill,0.0,0.0,0.44432291993027606,0.24095496501366834,0.39295252765710653,0.3978679770777709,0.1015741623454479,0.08549926060819124,0.43838191295764234,0.5910217038306164,0.4154517077172324,0.8786642570559516,0.33362690200568,0.8136825980047458,0.27027535506066186,0.08545520760871078,0.02111001265030988,0.01774728003741421,0.033907220503495594,0.02033155195315816
Ridgewood,0.0,0.0,0.4952524321205156,0.20805143303430934,0.29231835180927845,0.5320647221780025,0.43060365572523646,0.018389552607047173,0.11175127796214272,0.04969700945533082,0.4836899942873367,0.7316135072658793,0.31360350340520426,0.7836841702394163,0.27905399321976365,0.12685282143287013,0.016793252687571855,0.016354871329466152,0.02856173356961481,0.017646791616590107
Rosedale,0.0,0.0,0.702389085977539,0.2676745932465795,0.2935943454769552,0.06704700034435168,0.03562576855573269,0.9307902773581775,0.022873522202339507,0.07931333716879735,0.18146899494213692,0.834771916231242,0.6080195668899382,0.7479737715521539,0.30370675089901605,0.16389155787145318,0.015411450868345538,0.008970541471888065,0.022956010365463065,0.012316092477457033
South Jamaica,1.0,0.1111111111111111,0.5804890359839598,0.26094668677999877,0.8170639902667233,0.1765462391397965,0.0,0.718542339254167,0.09370824564697344,0.4137077108625459,0.5769743384224748,0.6138467390490124,0.25498029079254336,0.8871517983867528,0.15375230464148937,0.06596977478349564,0.02782056265721587,0.017722834149491953,0.03130874342516388,0.02217924848931332
South Ozone Park,1.0,0.027777777777777776,0.48907367187679895,0.26783819489984784,0.49780488580838916,0.22675611321129016,0.052327898216312466,0.24421883647136702,0.3657212003144549,1.0,0.4006293631788628,0.7372389658516635,0.40304923439784657,0.8644867772480075,0.21827325826156635,0.047352787487906764,0.017779007776258397,0.013319405724979657,0.02632961807364305,0.015950392724288897
Springfield Gardens North,0.0,0.0,0.9371731376149666,0.4260621721139561,0.3602108011506141,0.04713406475904327,0.006990903532518716,0.981393749486149,0.03039955902726212,0.05043644747905482,0.5054222605853927,0.7801202202805838,0.2714412410749012,0.763102502666689,0.33064601957425344,0.11597891930885351,0.026512226834084256,0.02866411491567984,0.018271384452269925,0.027005500205131407
Springfield Gardens South-Brookville,0.0,0.0,0.8191611608255531,0.30178754436114297,0.4730046996447608,0.05166373110706111,0.016894052566661717,0.9555177693875329,0.01698180669870736,0.13074651646583194,0.24314767674319737,0.9999999999999999,0.47801343471073543,0.7843011411922338,0.2527208438679505,0.14854260107933087,0.01892657891713159,0.012342330123423296,0.029581407184358963,0.01604055051169356
St. Albans,1.0,0.08333333333333333,0.6644753311139864,0.3475821697250584,0.5162372377895855,0.04807064349873758,0.007098596262953552,0.9661356817795598,0.02080598200934009,0.13074463440918085,0.3073629552234969,0.9023476227198458,0.44388297599887394,0.8018749237607902,0.23203933233990764,0.1376839413093615,0.018784005063116817,0.011524133686022649,0.016705208136975114,0.01429442907105769
Steinway,0.0,0.0,0.4741911568691357,0.33705525138628295,0.2877622101611172,0.2162128540194517,0.6561701025125661,0.018498933391525748,0.1747074941200732,0.09617399996308734,0.3640420893858929,0.7582201396833373,0.4355039186952484,0.49816567698994696,0.6169136617009733,0.3016768964945658,0.012418739707993648,0.012549888729714414,0.026097530898866118,0.013789691282504117
Whitestone,0.0,0.0,0.5106541493204082,0.5796214510614578,0.258904268990413,0.13536611982027347,0.6481793813952479,0.0051195501844655,0.2975771169540193,0.10193830924361381,0.23720178138461362,0.7227882805658098,0.5886185227650761,0.6277706753242892,0.4367007318677463,0.24546049242977197,0.008970439367174095,0.007875968523195194,0.01590807472961252,0.008979228921398403
Woodhaven,0.0,0.0,0.5085059992341265,0.25961069439282236,0.3714869475402233,0.6020511130645652,0.16114674864726172,0.0372732495294109,0.3363801044665827,0.12498647443387875,0.3785538943539374,0.8182604231146592,0.3969716210747508,0.8085477958628459,0.27184833300201766,0.09248056482963377,0.014208479118906065,0.0121071247380385,0.023156609449532836,0.0138119657252995
Woodside,0.0,0.0,0.3937958502276593,0.3693739573983745,0.3109481986448879,0.3807530758182516,0.23335686577468162,0.008753721307577,0.5553569829879518,0.08790997445057153,0.5291413723702432,0.7653224111766971,0.25085013912482157,0.6871318653654479,0.40818058917211153,0.17315181722601566,0.012403583929164188,0.01124373957679344,0.018061887801077193,0.012252748612665064
Annadale-Huguenot-Prince's Bay-Eltingville,0.0,0.0,0.5048105490169648,0.46853924306569517,0.2176189098992212,0.05087651402273995,0.9352886111393404,0.004659929123534579,0.044233997942035544,0.024162085647306406,0.19503655153619776,0.5604329409560839,0.6960368135965008,0.6586550056233214,0.3931226195081058,0.23261091516886878,0.0052487656754204234,0.007859674217474015,0.018771332162606347,0.008071313752208863
Arden Heights,0.0,0.0,0.4856925750322647,0.36633893748146545,0.25392450408654765,0.11668874932791556,0.8217005368000206,0.015531842293865873,0.09157202217776532,0.05591044811970458,0.20266270928709207,0.7106884736395952,0.6312323783028272,0.6590139788720564,0.4207061102270677,0.20825049853345365,0.003470855337705691,0.005502990635896154,0.014204402639984681,0.005687438792325377
Charleston-Richmond Valley-Tottenville,0.0,0.0,0.49517197710618177,0.29856568478098666,0.27876554170883505,0.08130122131723436,0.8707035858661972,0.009199742708211759,0.06802646964211338,0.08159662746147646,0.2181328833799508,0.6750495485112303,0.6275567097407972,0.6717789436908277,0.4341207632977433,0.17585304980020514,0.007555265640508735,0.012032314589045415,0.02533257946407188,0.01188363544175434
Grasmere-Arrochar-Ft. Wadsworth,0.0,0.0,0.6429103530319211,0.3726132615540024,0.361539501223581,0.14079321409282014,0.674499618807081,0.06526760796107331,0.1786133858193722,0.10392123480272197,0.3709581118341243,0.5618358574499999,0.5015929459035531,0.5972109290120805,0.4397522068431413,0.2927106018994497,0.009409953139019659,0.012110743346604412,0.029506809743207008,0.01290728361398269
Great Kills,0.0,0.0,0.5181986636613849,0.44221617381347006,0.3465733289669272,0.07113573990575212,0.8908910803699394,0.0013785125311521185,0.07777272172640827,0.03985110038720918,0.18598828311555116,0.6566403238659072,0.6698993828441417,0.6780127925745455,0.3627915586458908,0.2271574146021224,0.005137870630437406,0.006054427515133513,0.016854894746640845,0.006787766326169211
Grymes Hill-Clifton-Fox Hills,0.0,0.0,0.6364109099396775,0.2981898272894841,0.3919729057304092,0.29140674169457886,0.3013686688445734,0.33670900222672673,0.13537057739754074,0.14157940849230194,0.478659132618679,0.5233509482722137,0.39732000127969536,0.667557778019272,0.3388463618255831,0.2648609016560875,0.011630196953508675,0.016233944525900174,0.03831333742008933,0.01687557882322073
Mariner's Harbor-Arlington-Port Ivory-Graniteville,0.0,0.0,0.5846943758118512,0.25136179623975885,0.2624785251713539,0.3746377035759665,0.24035187223244647,0.33350422763926174,0.1425409861618217,0.07842883985337042,0.4598615892127125,0.7129051990379544,0.3468915447470775,0.7648105578594132,0.29491066659764054,0.14399166596944307,0.020020043065337084,0.02844518495112964,0.05697210397747451,0.028496126872105634
New Brighton-Silver Lake,0.0,0.0,0.37467214008378935,0.34592726475210306,0.32913166024657237,0.3068970673706136,0.574903372215425,0.10639745982652997,0.0649386334265963,0.08729263677024456,0.3441215785183993,0.4438633865335796,0.5754554693000071,0.6256018689557891,0.33237908370123603,0.33891635859140146,0.01291033542700664,0.01836621891465262,0.036403347549971245,0.018357972300766134
New Dorp-Midland Beach,0.0,0.0,0.5295254625312578,0.3991117667510057,0.23963053108452173,0.13531231657879883,0.8084068787987109,0.009845168306992018,0.10390910076487976,0.027691376813324637,0.3168450389072084,0.5916370592709922,0.5500556309160286,0.6965431322509243,0.3587741522216314,0.20037448076543057,0.011634308199271338,0.017288372015401742,0.034082834369818724,0.017100374610767306
New Springville-Bloomfield-Travis,0.0,0.0,0.5736025643139535,0.4547853698084224,0.28212608810892326,0.1336687831374428,0.6652918764316578,0.055764686509337455,0.21363431082188766,0.0979153963719835,0.289700285322074,0.6668672486171688,0.5517396028006133,0.701947030138791,0.32737195345724535,0.21862001167057316,0.00860326668741551,0.012144185059227559,0.024492995930283912,0.012199589186392919
Oakwood-Oakwood Beach,0.0,0.0,0.6962628846821732,0.5814072012012942,0.29675569406478264,0.11039420069891814,0.8669637991788368,0.02826409508634505,0.03005209252372541,0.03442229659398511,0.31867210021907266,0.5667776640159367,0.5573726052796144,0.6986611506688907,0.2978906424071288,0.24939353187365232,0.0057632031367736035,0.006329781052603271,0.017737514516607118,0.007230471862084539
Old Town-Dongan Hills-South Beach,0.0,0.0,0.5964304599783841,0.40203935065785124,0.27883480022851426,0.1549778850748903,0.7316802551386465,0.048208888554792856,0.11928597835507912,0.06888889387000491,0.3968925136869398,0.589903348910544,0.46247052285192347,0.7446278682626378,0.27781259872165565,0.19167124108357161,0.007388769989356808,0.008564612629273516,0.023008360884370603,0.009560997738689713
Port Richmond,0.0,0.0,0.4020072595075366,0.32232779049233584,0.20529584355532987,0.3774176915747128,0.42156431329643773,0.1671758206214298,0.08807543373081593,0.14170792909822627,0.4575145541638198,0.49676322142025164,0.43060720339224157,0.8112869480884263,0.2191697465566117,0.13341388175212315,0.02380918414203168,0.026293281592931247,0.05592359001789393,0.028314696422102117
Rossville-Woodrow,0.0,0.0,0.5095091163867016,0.37339845917662473,0.18706586849056628,0.07722550760130265,0.8896180275367981,0.0,0.06454668460338847,0.066910050722104,0.19571558381511794,0.5613702968117692,0.6949364853914306,0.6758604577723805,0.3315681650632464,0.2575822601500521,0.0052267128057643325,0.009509059519308943,0.01747156186792194,0.008916825981536295
Stapleton-Rosebank,0.0,0.0,0.4961565210111849,0.3241876431549473,0.30440958300659365,0.34875718292959496,0.38312550175337173,0.21327172425392518,0.12309446983206412,0.1181057523142955,0.5232008425407062,0.5508340396721848,0.33790620727014686,0.7604150905380005,0.27390199180203856,0.16927362476112337,0.021517570321177435,0.028602986027257433,0.06409401233648286,0.02973324084144243
Todt Hill-Emerson Hill-Heartland Village-Lighthouse Hill,0.0,0.0,0.5461790006684755,0.5129876709035055,0.22886632349422675,0.08891052920572853,0.7439264454681386,0.023067073560351262,0.21715203554674872,0.06103859849911986,0.2712504109318337,0.49049792804516656,0.6382767236542017,0.624917419596463,0.3659810812558844,0.3110716236771779,0.010849745733357343,0.018670188682023487,0.027373712104614728,0.017036670760939822
West New Brighton-New Brighton-St. George,1.0,0.08333333333333333,0.5626760692526962,0.2843304560488469,0.31991930334081975,0.3251325716831208,0.24553026599305974,0.39361025137245,0.08080101892007516,0.18737479244174876,0.5617229375349514,0.4754587526226849,0.323735522081408,0.7236396641329672,0.31873306049721867,0.19065882673527673,0.026979269891724746,0.03566818626097726,0.0816455563306511,0.037286301971836945
Westerleigh,0.0,0.0,0.47864456489338814,0.4259947083318954,0.32108869085933534,0.15087823533215983,0.7551186136310606,0.03854969044387549,0.091781635373475,0.10800967712173724,0.2658794546425608,0.6863018026145787,0.5707024343085547,0.6274676943332799,0.3483161688930459,0.3221345852456672,0.006633178801187045,0.009062538594002783,0.020832496719082237,0.009412361022781875
Allerton-Pelham Gardens,1.0,0.027777777777777776,0.6105292279122945,0.4743566329754543,0.4675674329765056,0.36951089846638324,0.23021251231257206,0.3625293945005777,0.11453690258649318,0.10923006815275282,0.41224245537129367,0.7560050108798041,0.38320438808179536,0.7605294618948941,0.2511019740207452,0.18873851481649123,0.008099061284333057,0.011012753817754656,0.0158853582792293,0.01055826293739603
Bedford Park-Fordham North,1.0,0.08333333333333333,0.5518629239821382,0.1893756242903748,0.6743651115436603,0.8106247145951789,0.05709753525170903,0.18254876697469605,0.053142594193303014,0.08420651898497214,0.7764343506938671,0.5231480614109872,0.069160309991428,0.9107560080558809,0.13962168909163536,0.0396218512104799,0.022331743606118476,0.022295793736887747,0.02479765857024497,0.02254364987004318
Belmont,1.0,0.027777777777777776,0.5617744056132752,0.14774128063938657,0.6312031162869667,0.6988005052088715,0.20167467224387214,0.16328252164967452,0.025958461252307996,0.06568478013028153,0.9745621233783512,0.00032006888069824324,0.04700787678717609,0.9059375047778401,0.10436535417210994,0.0778745018468973,0.0269623617804151,0.029642799837657743,0.03790651276315052,0.029582222917140414
Bronxdale,0.0,0.0,0.46926572856725857,0.3504011238380396,0.6418249830988554,0.6267830708048969,0.11536877648752165,0.2939519514041835,0.04521962083372614,0.11077271040711509,0.7536129268775622,0.5178904056302122,0.0962896816250016,0.8721331108675731,0.16002549652152975,0.08507663765059256,0.01342358910083892,0.017658236098912452,0.02325378391254025,0.016857178052913882
Claremont-Bathgate,1.0,0.16666666666666666,0.6764283188329374,0.1758607342665699,0.7628155159277813,0.653653105225152,0.008022105034645113,0.4363017032271228,0.0,0.03667035103407134,1.0,0.050854078180685325,0.0,0.9440593939366594,0.1088667896767243,0.011771386028700058,0.026953144292578845,0.033396112123060644,0.04128411608639919,0.03211816153701011
Co-op City,0.0,0.0,0.8187101321852999,0.6090484128849561,0.5004878528442553,0.2963849347566852,0.07045355613274083,0.6720109310131858,0.015845198461689834,0.12276614711847586,0.6163068543959973,0.6270678223743752,0.2066617814443826,0.7640764999049309,0.2605806239443089,0.17477922540495314,0.01015897380435286,0.015485276201133222,0.019827801246566766,0.01422283858928595
Crotona Park East,1.0,0.1388888888888889,0.7637714156207496,0.22742128099455386,0.7290873456612522,0.765917369638078,0.005886303403536096,0.32061588074060854,0.014965797809245418,0.03807796718190768,0.9397121053548219,0.10235512251139278,0.04712415390772445,0.9129395031738633,0.16783012027889194,0.011744772207882337,0.023320590672578054,0.029940307206163242,0.03806789504295141,0.028629491934133278
East Concourse-Concourse Village,1.0,0.25,0.6574115249115158,0.27887533118393637,0.6047626294138413,0.6643229961490861,0.012419273703635028,0.3819294001001233,0.03440793993369928,0.08364298827451522,0.8617073636281225,0.32059830312207493,0.05119109584397247,0.8855793726106728,0.1643687691921928,0.059385878756942206,0.01677123577919104,0.02202136211203115,0.02296212022764603,0.020461197977431088
East Tremont,1.0,0.3611111111111111,0.6471630720673573,0.2595563283589515,0.9999999999999999,0.7719542177562415,0.01205946896369949,0.3154846338076746,0.010741289633774395,0.024467567572787157,0.9665832369731957,0.13252032208239628,0.006181807939472317,0.9428793193809947,0.10014497593585305,0.021214947191710673,0.029232569285560093,0.03353762976836888,0.045177171721246766,0.033285944215888125
Eastchester-Edenwald-Baychester,1.0,0.027777777777777776,0.7479799697950584,0.3168700756648183,0.4730362267014689,0.25298033688922666,0.03326244163291693,0.7329669555257347,0.04296069210246029,0.11364913655050995,0.5460904388476822,0.6864988586010213,0.2617535752294291,0.7819350228964477,0.274743958765997,0.1334226763498578,0.01571958080269943,0.018114656910931625,0.02611007771098528,0.018118346680921136
Fordham South,1.0,0.08333333333333333,0.5350139153575411,0.14904217870531766,0.6544074533785292,0.8192034605532519,0.00851817880794307,0.2750544338849325,0.005347090318751809,0.03858792717517582,0.9275498540674736,0.17241605772985136,0.03423327402437984,0.9495840601647293,0.08397088243153726,0.024211957124429473,0.02319345708028029,0.02940629576779159,0.04017777522266,0.028473278189402502
Highbridge,1.0,0.2777777777777778,0.7493665575154518,0.18457338726714453,0.5613413480082444,0.7373128281234356,0.013821497453041927,0.35289552508402944,0.0034293807051949125,0.021257005944402184,0.8760694037102632,0.297812687845151,0.04391244806417677,0.922706136621719,0.14396329154222387,0.016374549310478548,0.014115563268293774,0.01860040004613582,0.018418537507616555,0.017174471632035632
Hunts Point,1.0,0.08333333333333333,0.5298964915274853,0.22860131880808612,0.4841262385699626,0.8263977618076684,0.0063519428428808235,0.27070220380763765,0.008646209568696805,0.028441679494283896,0.9998730715240247,0.03876323542883475,0.004678190448703448,0.9679486691182416,0.06900504203138143,0.0071360997120508,0.050767951103147795,0.05304601641046845,0.07321011123969355,0.054237069851652484
Kingsbridge Heights,1.0,0.027777777777777776,0.5760606039169991,0.2778994473865653,0.5847646848221413,0.8489437691020257,0.03982855869791503,0.17002759848389912,0.04754816422381772,0.07989811358024328,0.814417191276821,0.41055815798651685,0.06955248678945256,0.8744799975914622,0.19650968022442372,0.04979991174016779,0.022112388590043226,0.022465398421992126,0.025338935781515602,0.02262622190485071
Longwood,1.0,0.08333333333333333,0.4972349074617468,0.21710861844891308,0.49426045966956533,0.8421483057276995,0.007921805973723942,0.24160644192558756,0.019270746475302407,0.04422351146605056,0.9083830019279251,0.2426321892333113,0.029005271157763746,0.9530309153495401,0.07949854959776621,0.022440683187382605,0.029239598595057602,0.033223666104741055,0.05985149453150565,0.03449002563165986
Melrose South-Mott Haven North,1.0,0.4166666666666666,0.653139134510524,0.21020875559862973,0.599314656664199,0.7082255305606475,0.011235510004062187,0.3626943173218817,0.007908449264385702,0.08319167254830921,0.9715107474386624,0.014175518846479163,0.04517076989821937,0.9383932735032051,0.08152701450106638,0.04458416968165692,0.03331299460880125,0.041426796689473765,0.04126451587406817,0.03886282527965597
Morrisania-Melrose,1.0,0.3611111111111111,0.5845106127224748,0.20696043969527536,0.5301630785747562,0.6826652732921692,0.011474156046592536,0.39106702457462733,0.006776029525557435,0.06975263948964387,0.8816784360152556,0.24521578113245324,0.05747180770919273,0.9158418304946437,0.129713696804441,0.039860473963400825,0.025481543417084775,0.03058500847455736,0.04258622882868511,0.030116734518970466
Mott Haven-Port Morris,1.0,0.2222222222222222,0.5733098195670223,0.20590033271280242,0.5875691611277232,0.8107448665366718,0.011930199837401513,0.277705444971656,0.0075898518500839215,0.03858166102409693,0.9903492259332611,0.03138228574135771,0.017946695895708936,0.97937830023359,0.05563988662789125,0.0,0.029123951537744643,0.038901561724799916,0.03705558590825391,0.035655769593812024
Mount Hope,1.0,0.1111111111111111,0.6100843968943486,0.1822925005230036,0.6427493839444923,0.7695245976361084,0.01202980125689987,0.29474132842405704,0.023978080437938157,0.07122366098416612,0.9252500709981344,0.2452319669391393,0.00943697936621607,0.9108182305705758,0.11375478037691063,0.06181524436447575,0.020940348218330435,0.025418095487837716,0.03557072330614831,0.024971572058427004
North Riverdale-Fieldston-Riverdale,0.0,0.0,0.607966976183508,0.6144469626413838,0.333969268349123,0.2243503755919197,0.6700728029856339,0.06673560905774423,0.0925434550613018,0.07407884502960244,0.23045112636199794,0.6986966023772724,0.605102501278427,0.3375555889835311,0.5219751876446116,0.6456562229085592,0.007531778957265331,0.007666473959976582,0.01167620056718677,0.008003304743413268
Norwood,1.0,0.027777777777777776,0.5515828748824343,0.2331931115142349,0.6678990755269761,0.7069151896468879,0.09733927338252474,0.1508621575960787,0.15747579418197266,0.10477695053526757,0.8129330101168175,0.41790154516987543,0.06843216251283782,0.8288105023790492,0.2270467676540518,0.0980223133466232,0.021272648613000378,0.02134209166943976,0.028190746207963684,0.021967853676577866
park-cemetery-etc-Bronx,1.0,0.027777777777777776,0.43360338436193624,0.20934443454490972,0.41717464524544096,0.6406577483902899,0.1216536174436804,0.3241102133029526,0.020037635856148484,0.0,0.5699923076305473,0.8060679261291755,0.190526635108249,0.7306333906240002,0.33496366047359377,0.16525421093477338,0.2204701159739679,0.2692197328905653,0.2809375386561342,0.2550149648316572
Parkchester,1.0,0.027777777777777776,0.6015298474403439,0.3024924092559814,0.5527886940094388,0.41522957415046724,0.017055687287122465,0.45493986867001046,0.21865213766020827,0.12940731013171816,0.5419179038727201,0.9429660694583576,0.1700883896904801,0.7622271669314489,0.29228375539834706,0.15047248815102598,0.009398724125656385,0.012080743207000902,0.012127392762211307,0.011242704955259187
Pelham Bay-Country Club-City Island,0.0,0.0,0.6532618392079605,0.5758435063058535,0.34074326851542386,0.42508193705179204,0.5426016219860244,0.038810827835728756,0.07212250289772659,0.029455203115208314,0.4079286329913938,0.7299874117887514,0.3977251517703556,0.7512071289128006,0.28620309746330297,0.17370058808976382,0.00884000729848095,0.009717701481289804,0.024176216493981936,0.010809134294798487
Pelham Parkway,0.0,0.0,0.6530348360739926,0.3460607261376457,0.4740221888972201,0.48316710855694467,0.33616137024071446,0.1486014637266759,0.1301919423499725,0.049849968947050016,0.49856274309432147,0.6969186308895908,0.3102320260209759,0.6926085843606292,0.3153653275618085,0.24421103690587287,0.015603054678985378,0.0195084748732662,0.0217877176406905,0.018497256941596037
Schuylerville-Throgs Neck-Edgewater Park,0.0,0.0,0.5196691242964442,0.4192311670258709,0.38002544818340867,0.5007535547914644,0.41653163529428494,0.10130152065884321,0.04971877446627365,0.0863261081823485,0.37296049222062155,0.6373865131149198,0.4710279195752427,0.7703557649347452,0.2545688319291346,0.16971171317564535,0.01134842500020567,0.016391101594396513,0.031989466656776204,0.01628205005153406
Soundview-Bruckner,1.0,0.027777777777777776,0.5133604936687397,0.261197703491686,0.6466635068348628,0.69574232133822,0.02217860026419404,0.27661701564429825,0.09035396603547947,0.16340798682288435,0.8537113106189551,0.22800881805270812,0.0947584083118361,0.9418024246123139,0.09296824450221637,0.029158374028597292,0.014499676078528548,0.018826157691034514,0.021094427980434184,0.017681642624657812
Soundview-Castle Hill-Clason Point-Harding Park,1.0,0.1111111111111111,0.7313041614266327,0.34435444885684224,0.5615110708901384,0.6799131602008831,0.02104772293954811,0.37301896358529685,0.024318406482967122,0.05827744745038096,0.7287409996141071,0.395329877335895,0.16970875129618943,0.8956145211419421,0.15037475284731588,0.05506790209665283,0.016389175161571398,0.022988786978146106,0.028761988746924944,0.02146166774282143
Spuyten Duyvil-Kingsbridge,1.0,0.027777777777777776,0.6106487124612636,0.559352495569221,0.2682639726318651,0.4262688144937538,0.4616081116870355,0.10126360640415884,0.07324044697643291,0.1036928493714063,0.34039194999986744,0.7210707224347249,0.47551729878404325,0.4561648000858566,0.5051315133261322,0.4665777177055131,0.014874401045619741,0.017876176661718476,0.024503580789939437,0.017559943142204843
University Heights-Morris Heights,1.0,0.1111111111111111,0.7144801737601392,0.19645617683650812,0.5694969355840079,0.7596751007062541,0.007001822813131362,0.32219183115321515,0.023741010156122008,0.024293251803129648,0.9566360270470187,0.11385291388124796,0.02415333901142616,0.926165335480882,0.12580279724069499,0.026381094560782886,0.01722440016450906,0.019320960436124582,0.033487505379309196,0.020001927896664738
Van Cortlandt Village,1.0,0.027777777777777776,0.5783412274973823,0.2915433889736337,0.5757576832207041,0.7531064065317111,0.0881570043274229,0.19518545927760944,0.062087442238235785,0.09201060151942689,0.6501798288144379,0.7437770230537689,0.12551719744925602,0.8125141667389842,0.22048997419487726,0.1302728740696159,0.01403906884533462,0.014337778266361928,0.02362514086575346,0.01512211752597585
Van Nest-Morris Park-Westchester Square,0.0,0.0,0.4408621702844462,0.2669428304992821,0.632170490621581,0.5840784589561653,0.25479096348322633,0.11741081675484152,0.14996931844632586,0.07035588320180626,0.5915665295961258,0.6114913173935163,0.2397795092537007,0.8090331850005107,0.2417744586371161,0.1176092841093315,0.018120429368429686,0.021672780480799778,0.03403222630195102,0.02172559905710503
West Concourse,0.0,0.0,0.5547599977822366,0.18622157120789018,0.5589806225171361,0.7981917224862087,0.015965381715072766,0.25484314053728957,0.025013135028277476,0.1005667725728825,0.9053740234595891,0.27147809735230743,0.021494785968189795,0.9141676988568798,0.14703706583941034,0.02766183443622261,0.02788796514677257,0.03627980126532508,0.027724687949788822,0.03283491199245475
West Farms-Bronx River,0.0,0.0,0.5649682166120811,0.26891385825458486,0.6152788095082972,0.7266206454295553,0.03087740937379964,0.2769035653309069,0.05969857019435508,0.11020820122832808,0.8534964774241511,0.3323574919829826,0.05582811446530592,0.9749614782624344,0.06267828207081559,0.0011427567410656411,0.01860244342458986,0.022104627810062276,0.02636843975733762,0.02140772131514367
Westchester-Unionport,0.0,0.0,0.6228780579092992,0.3135968686820719,0.6979759494476369,0.7150658168910885,0.03761517752129177,0.1665417076033043,0.1786197818651804,0.18746877386662028,0.6048941409753132,0.7139647921293616,0.18662531256473017,0.855011259653134,0.19981927867892285,0.07872458425934115,0.014538932237219923,0.014133639864672191,0.024006137732520676,0.015194440662991505
Williamsbridge-Olinville,1.0,0.027777777777777776,0.6510337392660901,0.31623600545076064,0.7391295516803345,0.26409138492423484,0.020706544808033973,0.7649479941472667,0.01640018916699685,0.08227547536292243,0.6730991709693129,0.5287023206034963,0.18098127941695302,0.8527085230171018,0.20103802830097228,0.08143270258784607,0.01978940335104719,0.020224625202246247,0.030433546485966013,0.021053222546597798
Woodlawn-Wakefield,0.0,0.0,0.6319959943252331,0.37473903331548086,0.4838644923235539,0.17285503275669795,0.16846514282339867,0.656109389568465,0.06141993293927899,0.10145273628217424,0.4644753117689322,0.7270048904135157,0.33651356995129855,0.7398646235470782,0.3583270970610638,0.13004962896437752,0.015196484516971332,0.013814570795314824,0.02039321920718752,0.014870688143198993
